FECHA;MINERAL SAG1;MINERAL SAG2
01-01-20 00:00;2822.040527;2035.64563
01-01-20 01:00;2788.006348;2092.776367
01-01-20 02:00;2764.037109;2019.348755
01-01-20 03:00;2828.992676;2096.163818
01-01-20 04:00;2761.96167;2088.106934
01-01-20 05:00;2182.9646;2068.788818
01-01-20 06:00;2202.990723;2059.266846
01-01-20 07:00;2789.043945;2026.947876
01-01-20 08:00;2769.017578;2040.040283
01-01-20 09:00;2753.038086;1860.408325
01-01-20 10:00;2769.017578;1936.765625
01-01-20 11:00;2780.016602;1763.359497
01-01-20 12:00;2781.988037;1756.675903
01-01-20 13:00;2808.032471;1990.783447
01-01-20 14:00;2764.037109;2022.187012
01-01-20 15:00;2700.949219;1.190221906
01-01-20 16:00;2725.956055;1.464888453
01-01-20 17:00;2709.976563;1975.676758
01-01-20 18:00;2783.025635;1627.307983
01-01-20 19:00;2811.975342;1927.060791
01-01-20 20:00;2791.949219;1955.35144
01-01-20 21:00;2758.952637;1919.187012
01-01-20 22:00;2786.968506;1935.758545
01-01-20 23:00;2750.962891;1937.955811
02-01-20 00:00;2742.039307;1916.806519
02-01-20 01:00;2747.019775;1939.970093
02-01-20 02:00;2750.962891;1982.451904
02-01-20 03:00;2736.020996;1969.359375
02-01-20 04:00;2808.032471;1946.012817
02-01-20 05:00;2795.99585;1971.556763
02-01-20 06:00;2797.967529;1953.0625
02-01-20 07:00;2786.968506;1997.009155
02-01-20 08:00;2783.025635;1963.408325
02-01-20 09:00;2753.971924;1940.061646
02-01-20 10:00;2737.992432;1903.805664
02-01-20 11:00;0;1811.426147
02-01-20 12:00;1769.988037;1608.081299
02-01-20 13:00;1493.0448;1544.999512
02-01-20 14:00;1620.050659;1.09866631
02-01-20 15:00;1523.966187;1608.722168
02-01-20 16:00;2202.990723;1879.818115
02-01-20 17:00;2803.051758;1716.116821
02-01-20 18:00;1727.030273;1842.646606
02-01-20 19:00;2320.969238;1861.781616
02-01-20 20:00;2759.990234;2065.584229
02-01-20 21:00;2715.994629;2140.293701
02-01-20 22:00;0;2072.267822
02-01-20 23:00;2780.950439;2149.174561
03-01-20 00:00;2772.960693;1.373332977
03-01-20 01:00;2784.99707;2120.975342
03-01-20 02:00;2789.043945;2009.552246
03-01-20 03:00;2808.032471;1.464888453
03-01-20 04:00;2811.975342;2003.509644
03-01-20 05:00;2759.990234;1.55644393
03-01-20 06:00;2741.001709;1.55644393
03-01-20 07:00;0;1915.250122
03-01-20 08:00;2761.96167;1968.810059
03-01-20 09:00;2811.975342;2097.170898
03-01-20 10:00;2780.016602;2110.35498
03-01-20 11:00;2773.998291;2031.891846
03-01-20 12:00;2725.022217;2131.321045
03-01-20 13:00;2736.020996;2080.41626
03-01-20 14:00;0;1969.817139
03-01-20 15:00;2336.94873;1760.155029
03-01-20 16:00;2248.957764;1473.128418
03-01-20 17:00;1915.982544;1793.11499
03-01-20 18:00;2198.010254;1819.208374
03-01-20 19:00;2400.970459;1852.259888
03-01-20 20:00;2667.018555;1899.0448
03-01-20 21:00;2637.03125;1.373332977
03-01-20 22:00;2766.008545;1928.342529
03-01-20 23:00;2747.953613;1960.661621
04-01-20 00:00;2788.006348;2068.788818
04-01-20 01:00;2816.022217;2078.585205
04-01-20 02:00;2689.950195;2089.388672
04-01-20 03:00;2775.035889;2013.672241
04-01-20 04:00;2777.007324;1967.802979
04-01-20 05:00;2775.035889;1955.626099
04-01-20 06:00;2778.97876;2026.581665
04-01-20 07:00;2744.010742;2042.146118
04-01-20 08:00;2775.035889;2072.450928
04-01-20 09:00;2752.000488;2033.082031
04-01-20 10:00;2271.993164;1701.193237
04-01-20 11:00;2747.953613;1767.571045
04-01-20 12:00;2701.986816;1888.058105
04-01-20 13:00;2634.021973;1876.247437
04-01-20 14:00;2554.020752;1874.874146
04-01-20 15:00;2596.97876;1822.412842
04-01-20 16:00;2154.948486;1954.710571
04-01-20 17:00;2218.970215;1826.715942
04-01-20 18:00;2187.01123;1871.120361
04-01-20 19:00;2220.008057;1748.161255
04-01-20 20:00;2193.029541;1928.525635
04-01-20 21:00;2516.977539;1890.072388
04-01-20 22:00;2518.015137;1970.549683
04-01-20 23:00;2684.035889;1961.760254
05-01-20 00:00;2350.956787;1940.061646
05-01-20 01:00;2312.979492;1910.2146
05-01-20 02:00;2618.976318;1935.209229
05-01-20 03:00;2692.959473;1943.81543
05-01-20 04:00;2132.01709;1833.765625
05-01-20 05:00;2747.019775;1850.611938
05-01-20 06:00;2767.046143;1922.116821
05-01-20 07:00;2788.006348;1842.371948
05-01-20 08:00;2783.959473;1944.547852
05-01-20 09:00;2797.033691;1838.892822
05-01-20 10:00;2789.977783;1850.611938
05-01-20 11:00;2323.978271;1460.036011
05-01-20 12:00;2364.031006;1800.531006
05-01-20 13:00;2403.979492;1768.211914
05-01-20 14:00;2391.009277;1653.309692
05-01-20 15:00;2783.959473;1727.469727
05-01-20 16:00;0;1.190221906
05-01-20 17:00;0;1.190221906
05-01-20 18:00;2111.990723;2.197332621
05-01-20 19:00;2268.050293;1912.045654
05-01-20 20:00;2822.040527;2043.610962
05-01-20 21:00;2755.009521;1973.47937
05-01-20 22:00;2775.969727;1974.028809
05-01-20 23:00;2957.969971;1174.749023
06-01-20 00:00;2811.975342;1972.106079
06-01-20 01:00;2827.020996;2188.085693
06-01-20 02:00;2808.966309;2052.217285
06-01-20 03:00;2764.970947;2092.227051
06-01-20 04:00;2695.034668;2032.441162
06-01-20 05:00;2717.032471;2072.908691
06-01-20 06:00;2789.043945;1.647999525
06-01-20 07:00;2872.988037;1768.39502
06-01-20 08:00;2767.97998;1989.410034
06-01-20 09:00;2808.032471;2025.849121
06-01-20 10:00;2761.96167;1987.304321
06-01-20 11:00;2712.985596;2079.40918
06-01-20 12:00;2778.044922;1982.63501
06-01-20 13:00;2424.005859;1970.45813
06-01-20 14:00;0;2092.043945
06-01-20 15:00;0;1974.39502
06-01-20 16:00;2249.995361;1419.476929
06-01-20 17:00;2345.976074;2069.063477
06-01-20 18:00;2323.044434;1936.490967
06-01-20 19:00;2326.987549;2021.17981
06-01-20 20:00;2271.993164;2096.621582
06-01-20 21:00;2433.033203;2116.672363
06-01-20 22:00;2516.043701;2084.719482
06-01-20 23:00;1873.958496;2084.62793
07-01-20 00:00;2778.044922;2107.333496
07-01-20 01:00;2770.989014;2101.657227
07-01-20 02:00;2795.99585;2056.428711
07-01-20 03:00;2750.029053;2067.506836
07-01-20 04:00;2769.951416;2087.557617
07-01-20 05:00;2800.042725;1996.276733
07-01-20 06:00;2475.990967;1964.781616
07-01-20 07:00;2510.959229;2033.997559
07-01-20 08:00;2163.041992;1806.390625
07-01-20 09:00;2190.954346;1351.451172
07-01-20 10:00;0;1250.099243
07-01-20 11:00;0;1327.646729
07-01-20 12:00;0;1370.403198
07-01-20 13:00;0;1174.932129
07-01-20 14:00;0;1373.241333
07-01-20 15:00;1725.992554;1430.097412
07-01-20 16:00;622.9926147;1.190221906
07-01-20 17:00;1878.005371;1156.437866
07-01-20 18:00;1997.9552;1285.714233
07-01-20 19:00;2111.990723;1440.351563
07-01-20 20:00;2182.030762;1310.159668
07-01-20 21:00;2251.966797;1291.116089
07-01-20 22:00;0;1166.05127
07-01-20 23:00;0;1638.294678
08-01-20 00:00;1981.975708;1601.397705
08-01-20 01:00;2295.028564;1528.061768
08-01-20 02:00;2389.97168;1179.967651
08-01-20 03:00;2398.999023;1254.036133
08-01-20 04:00;2452.955811;1259.071655
08-01-20 05:00;2450.050293;1242.133911
08-01-20 06:00;2339.957764;1100.131226
08-01-20 07:00;2406.98877;1382.213867
08-01-20 08:00;2297;1034.852173
08-01-20 09:00;0;1163.12146
08-01-20 10:00;0;1180.425415
08-01-20 11:00;2144.987305;1745.139893
08-01-20 12:00;2152.977051;1405.377319
08-01-20 13:00;2132.01709;1424.14624
08-01-20 14:00;2488.027588;1674.642212
08-01-20 15:00;2585.045898;1827.265259
08-01-20 16:00;2353.96582;1845.850952
08-01-20 17:00;2635.993408;2058.717529
08-01-20 18:00;2397.027588;1911.954102
08-01-20 19:00;2420.996826;2012.573608
08-01-20 20:00;539.9822998;1970.000366
08-01-20 21:00;2711.01416;1917.355835
08-01-20 22:00;2742.039307;2019.806519
08-01-20 23:00;2624.994629;2041.779785
09-01-20 00:00;2612.958252;2016.602051
09-01-20 01:00;2621.051758;2049.378906
09-01-20 02:00;2621.985596;2026.581665
09-01-20 03:00;2624.994629;2016.693604
09-01-20 04:00;2554.95459;2020.53894
09-01-20 05:00;2527.04248;2014.22168
09-01-20 06:00;0;2033.539795
09-01-20 07:00;2414.978516;1995.452759
09-01-20 08:00;2491.036621;1.55644393
09-01-20 09:00;2420.996826;1.464888453
09-01-20 10:00;59.04110718;2140.659912
09-01-20 11:00;2342.033203;1993.255371
09-01-20 12:00;1785.033691;2065.30957
09-01-20 13:00;1848.95166;1798.242188
09-01-20 14:00;1995.983765;2082.796631
09-01-20 15:00;1719.974365;2130.680176
09-01-20 16:00;1590.99707;2119.602051
09-01-20 17:00;1845.008667;1908.29187
09-01-20 18:00;1845.008667;2281.746826
09-01-20 19:00;2022.02832;2323.312988
09-01-20 20:00;0;1.281777382
09-01-20 21:00;2358.012695;1.373332977
09-01-20 22:00;2056.996338;1448.133789
09-01-20 23:00;0;1796.502563
10-01-20 00:00;2607.977539;1218.512573
10-01-20 01:00;1705.966309;1621.814575
10-01-20 02:00;1482.979858;1.464888453
10-01-20 03:00;1849.989258;1.464888453
10-01-20 04:00;0;1017.731262
10-01-20 05:00;0;1857.570068
10-01-20 06:00;0;1933.561157
10-01-20 07:00;1758.989258;1.55644393
10-01-20 08:00;0;1.55644393
10-01-20 09:00;0;1745.872314
10-01-20 10:00;0;1682.699097
10-01-20 11:00;0;1617.786133
10-01-20 12:00;0;1710.348877
10-01-20 13:00;0;1802.179077
10-01-20 14:00;0;1832.483887
10-01-20 15:00;1813.983521;1837.153198
10-01-20 16:00;1829.029175;1812.067017
10-01-20 17:00;1845.008667;1852.534546
10-01-20 18:00;2072.97583;2028.595825
10-01-20 19:00;1978.032837;1974.120361
10-01-20 20:00;2017.981445;1959.562988
10-01-20 21:00;2138.035156;2037.568237
10-01-20 22:00;2210.046631;2096.89624
10-01-20 23:00;2191.991943;2048.005615
11-01-20 00:00;2595.00708;2107.241943
11-01-20 01:00;2590.960449;2105.593994
11-01-20 02:00;2651.039063;1783.959473
11-01-20 03:00;2596.97876;1506.72937
11-01-20 04:00;2835.010742;1893.917603
11-01-20 05:00;2414.978516;1034.943726
11-01-20 06:00;2640.974121;1550.49292
11-01-20 07:00;2742.039307;1506.912476
11-01-20 08:00;2802.01416;1606.799561
11-01-20 09:00;0;1719.6875
11-01-20 10:00;2706.033447;1751.091064
11-01-20 11:00;2700.949219;1672.353271
11-01-20 12:00;2770.989014;1865.810059
11-01-20 13:00;2587.951172;1469.557739
11-01-20 14:00;2557.030029;1849.421631
11-01-20 15:00;2712.051758;2058.625977
11-01-20 16:00;2733.011963;2115.573486
11-01-20 17:00;2756.981201;1748.435913
11-01-20 18:00;2784.99707;2131.412598
11-01-20 19:00;2714.957031;2115.207275
11-01-20 20:00;2747.019775;2086.092773
11-01-20 21:00;2766.008545;2085.909668
11-01-20 22:00;2687.97876;1865.169189
11-01-20 23:00;2788.006348;2020.355835
12-01-20 00:00;2825.049561;2061.647461
12-01-20 01:00;2832.001709;2119.23584
12-01-20 02:00;2759.990234;1720.511475
12-01-20 03:00;2825.983398;2131.046387
12-01-20 04:00;2806.994873;1973.845581
12-01-20 05:00;2736.020996;1599.108887
12-01-20 06:00;2759.990234;1999.572754
12-01-20 07:00;2764.037109;2061.189697
12-01-20 08:00;2778.97876;2129.764648
12-01-20 09:00;2742.039307;2116.031494
12-01-20 10:00;2742.973145;1963.866089
12-01-20 11:00;2778.044922;1925.595825
12-01-20 12:00;2513.034424;1932.64563
12-01-20 13:00;2334.977295;932.493042
12-01-20 14:00;2276.973877;1856.196777
12-01-20 15:00;2623.957031;1835.963013
12-01-20 16:00;2562.010498;1941.434937
12-01-20 17:00;2593.035645;1913.327393
12-01-20 18:00;2549.040283;1801.629639
12-01-20 19:00;2598.016357;1916.440308
12-01-20 20:00;2602.996826;1952.146973
12-01-20 21:00;2571.97168;1892.269653
12-01-20 22:00;1702.957275;1957.914917
12-01-20 23:00;2593.969482;1962.492798
13-01-20 00:00;2626.032227;1.190221906
13-01-20 01:00;2601.959229;1101.138306
13-01-20 02:00;2590.026611;1974.486572
13-01-20 03:00;2543.021973;2036.561157
13-01-20 04:00;2584.008301;2012.390503
13-01-20 05:00;2535.032227;1929.258057
13-01-20 06:00;2789.977783;1.281777382
13-01-20 07:00;2747.019775;1906.186157
13-01-20 08:00;2795.99585;1965.23938
13-01-20 09:00;2741.001709;2018.890991
13-01-20 10:00;2816.022217;13.00088501
13-01-20 11:00;2841.029053;2075.105957
13-01-20 12:00;2913.040527;1.09866631
13-01-20 13:00;2723.984375;1959.28833
13-01-20 14:00;2656.953613;1930.723022
13-01-20 15:00;2860.017822;999.3286133
13-01-20 16:00;2565.953613;1175.756104
13-01-20 17:00;2570.000244;771.8131104
13-01-20 18:00;2664.009521;1856.562988
13-01-20 19:00;2819.965088;1700.643921
13-01-20 20:00;2852.028076;1838.068848
13-01-20 21:00;2912.00293;1781.762085
13-01-20 22:00;2930.991455;1839.80835
13-01-20 23:00;2930.991455;1965.971802
14-01-20 00:00;2871.016602;1174.840576
14-01-20 01:00;2910.965332;1560.563965
14-01-20 02:00;2868.007568;1736.350586
14-01-20 03:00;2918.02124;1787.438599
14-01-20 04:00;2921.030273;1814.44751
14-01-20 05:00;2944.999512;1779.015503
14-01-20 06:00;0;2020.905151
14-01-20 07:00;1093.038696;1.464888453
14-01-20 08:00;0;1.464888453
14-01-20 09:00;0;1.373332977
14-01-20 10:00;;
14-01-20 11:00;;
14-01-20 12:00;;
14-01-20 13:00;;
14-01-20 14:00;;
14-01-20 15:00;;
14-01-20 16:00;;
14-01-20 17:00;;
14-01-20 18:00;;
14-01-20 19:00;;
14-01-20 20:00;;
14-01-20 21:00;;
14-01-20 22:00;;
14-01-20 23:00;;
15-01-20 00:00;;
15-01-20 01:00;;
15-01-20 02:00;;
15-01-20 03:00;;
15-01-20 04:00;;
15-01-20 05:00;;
15-01-20 06:00;;
15-01-20 07:00;;
15-01-20 08:00;;
15-01-20 09:00;;
15-01-20 10:00;;
15-01-20 11:00;;
15-01-20 12:00;;
15-01-20 13:00;;
15-01-20 14:00;;
15-01-20 15:00;;
15-01-20 16:00;0;1.09866631
15-01-20 17:00;0;1.09866631
15-01-20 18:00;0;1.09866631
15-01-20 19:00;0;1.09866631
15-01-20 20:00;0;1.190221906
15-01-20 21:00;0;1.190221906
15-01-20 22:00;0;1.281777382
15-01-20 23:00;0;1.281777382
16-01-20 00:00;0;1.373332977
16-01-20 01:00;0;1.373332977
16-01-20 02:00;0;1.464888453
16-01-20 03:00;0;1.464888453
16-01-20 04:00;0;1.464888453
16-01-20 05:00;0;1.55644393
16-01-20 06:00;0;1.464888453
16-01-20 07:00;0;1.464888453
16-01-20 08:00;0;1.464888453
16-01-20 09:00;0;1.464888453
16-01-20 10:00;0;1.373332977
16-01-20 11:00;0;1.281777382
16-01-20 12:00;0;1.190221906
16-01-20 13:00;0;1.190221906
16-01-20 14:00;0;1.190221906
16-01-20 15:00;0;1.190221906
16-01-20 16:00;0;1.190221906
16-01-20 17:00;0;1.09866631
16-01-20 18:00;;
16-01-20 19:00;0;1.190221906
16-01-20 20:00;0;1.190221906
16-01-20 21:00;0;1.281777382
16-01-20 22:00;0;1.281777382
16-01-20 23:00;0;1.281777382
17-01-20 00:00;0;1.373332977
17-01-20 01:00;0;1.373332977
17-01-20 02:00;0;1.373332977
17-01-20 03:00;0;1.281777382
17-01-20 04:00;0;1.373332977
17-01-20 05:00;0;1.373332977
17-01-20 06:00;0;1.464888453
17-01-20 07:00;0;1.373332977
17-01-20 08:00;0;1.373332977
17-01-20 09:00;0;1.373332977
17-01-20 10:00;0;1.190221906
17-01-20 11:00;0;1.190221906
17-01-20 12:00;0;1.09866631
17-01-20 13:00;0;1.190221906
17-01-20 14:00;0;1.09866631
17-01-20 15:00;0;1.09866631
17-01-20 16:00;0;1.007110834
17-01-20 17:00;0;1.007110834
17-01-20 18:00;0;1.007110834
17-01-20 19:00;0;1.007110834
17-01-20 20:00;0;1.09866631
17-01-20 21:00;0;1.281777382
17-01-20 22:00;0;1.190221906
17-01-20 23:00;2013.000854;1.281777382
18-01-20 00:00;0;1.190221906
18-01-20 01:00;2174.974854;1.281777382
18-01-20 02:00;2243.043213;993.0112915
18-01-20 03:00;0;1428.08313
18-01-20 04:00;0;1.190221906
18-01-20 05:00;0;2020.905151
18-01-20 06:00;0;1114.139282
18-01-20 07:00;0;1613.574585
18-01-20 08:00;0;1396.771118
18-01-20 09:00;2082.003174;1.190221906
18-01-20 10:00;0;1.09866631
18-01-20 11:00;2053.987305;1211.279663
18-01-20 12:00;2414.978516;1244.148071
18-01-20 13:00;2576.952393;1905.819824
18-01-20 14:00;1343.003662;730.5215454
18-01-20 15:00;1714.993774;1653.859009
18-01-20 16:00;2268.050293;1656.51416
18-01-20 17:00;1807.965332;1672.261719
18-01-20 18:00;1573.046021;1894.924805
18-01-20 19:00;1426.014038;1154.149048
18-01-20 20:00;2002.002075;1669.606567
18-01-20 21:00;2020.990601;1826.62439
18-01-20 22:00;2050.044189;1660.359497
18-01-20 23:00;1901.040649;1965.330933
19-01-20 00:00;2518.015137;1293.313354
19-01-20 01:00;2755.009521;1629.322144
19-01-20 02:00;2008.020264;2021.546021
19-01-20 03:00;1887.032715;6.5919981
19-01-20 04:00;2775.969727;1732.779907
19-01-20 05:00;0;2151.188721
19-01-20 06:00;1956.968872;1812.067017
19-01-20 07:00;2060.005615;1649.189697
19-01-20 08:00;0;1265.572021
19-01-20 09:00;1871.987061;1827.082153
19-01-20 10:00;1843.971069;1993.987793
19-01-20 11:00;1815.02124;1684.530151
19-01-20 12:00;972.9849854;1663.655518
19-01-20 13:00;1818.030396;1856.929199
19-01-20 14:00;1798.00415;1821.954956
19-01-20 15:00;1807.031494;2048.82959
19-01-20 16:00;1802.050903;1986.205688
19-01-20 17:00;2463.95459;1777.367432
19-01-20 18:00;2504.00708;1880.275879
19-01-20 19:00;2687.044922;1951.963867
19-01-20 20:00;2659.962646;1906.735474
19-01-20 21:00;2698.977539;1908.383423
19-01-20 22:00;2491.036621;1983.733643
19-01-20 23:00;1942.960938;1561.845703
20-01-20 00:00;2130.979248;939.7259521
20-01-20 01:00;2312.979492;1343.302734
20-01-20 02:00;0;1701.28479
20-01-20 03:00;0;1869.289185
20-01-20 04:00;0;1949.217163
20-01-20 05:00;0;1882.107056
20-01-20 06:00;0;2098.727295
20-01-20 07:00;0;1855.555908
20-01-20 08:00;0;1438.154297
20-01-20 09:00;0;970.7632446
20-01-20 10:00;0;1.190221906
20-01-20 11:00;0;602.0691528
20-01-20 12:00;0;1279.488525
20-01-20 13:00;0;1599.658203
20-01-20 14:00;0;1774.803955
20-01-20 15:00;0;1901.608276
20-01-20 16:00;0;1290.109009
20-01-20 17:00;0;1846.583496
20-01-20 18:00;0;2047.456299
20-01-20 19:00;1377.97168;1893.642944
20-01-20 20:00;1424.976318;1797.967407
20-01-20 21:00;0;1620.990601
20-01-20 22:00;1978.966675;1038.331299
20-01-20 23:00;2083.040771;1020.844116
21-01-20 00:00;2088.955322;930.8450317
21-01-20 01:00;2091.964355;1.281777382
21-01-20 02:00;2097.982666;1506.180054
21-01-20 03:00;2157.023926;1817.46875
21-01-20 04:00;2135.959961;1328.470703
21-01-20 05:00;2141.978271;1263.283203
21-01-20 06:00;2124.961182;1282.692993
21-01-20 07:00;2499.026367;1230.048584
21-01-20 08:00;2596.044922;1487.136475
21-01-20 09:00;2825.049561;1198.278809
21-01-20 10:00;2552.049316;1224.280518
21-01-20 11:00;2293.990967;1.281777382
21-01-20 12:00;2333.005859;1.281777382
21-01-20 13:00;2446.003662;1725.913208
21-01-20 14:00;2204.962402;1651.020874
21-01-20 15:00;2191.991943;1396.954224
21-01-20 16:00;2507.949951;1472.395996
21-01-20 17:00;2480.97168;1715.475952
21-01-20 18:00;2595.00708;1679.403076
21-01-20 19:00;2632.050537;1531.632446
21-01-20 20:00;2681.026611;884.6094971
21-01-20 21:00;2579.027588;845.4237671
21-01-20 22:00;2766.008545;1158.726807
21-01-20 23:00;2772.960693;1761.070557
22-01-20 00:00;0;1637.745239
22-01-20 01:00;2902.041748;1767.937256
22-01-20 02:00;2924.039551;747.1846924
22-01-20 03:00;2612.958252;1367.656494
22-01-20 04:00;2140.006836;1552.690186
22-01-20 05:00;2077.022705;1241.859131
22-01-20 06:00;2096.01123;1720.145264
22-01-20 07:00;2529.013916;1278.847656
22-01-20 08:00;2541.984375;989.4406128
22-01-20 09:00;2621.051758;1208.624512
22-01-20 10:00;2726.993652;1302.01123
22-01-20 11:00;0;11.62755203
22-01-20 12:00;2439.985352;788.0184326
22-01-20 13:00;2372.020752;961.8823853
22-01-20 14:00;2265.974854;1.190221906
22-01-20 15:00;1536.002686;1.09866631
22-01-20 16:00;1674.007446;1.190221906
22-01-20 17:00;0;1.281777382
22-01-20 18:00;2653.010742;1469.832397
22-01-20 19:00;2800.042725;1477.523071
22-01-20 20:00;2775.969727;1493.453735
22-01-20 21:00;2816.956055;1335.154297
22-01-20 22:00;2871.016602;1390.54541
22-01-20 23:00;2745.04834;1592.33374
23-01-20 00:00;2968.96875;1503.799561
23-01-20 01:00;2869.979004;1445.295532
23-01-20 02:00;2896.957275;1393.932861
23-01-20 03:00;2747.019775;1725.363892
23-01-20 04:00;2778.044922;1423.322266
23-01-20 05:00;2405.951172;1292.764038
23-01-20 06:00;0;1141.78894
23-01-20 07:00;2480.037842;979.3695068
23-01-20 08:00;0;1215.399658
23-01-20 09:00;0;1663.838623
23-01-20 10:00;0;1867.366577
23-01-20 11:00;0;1873.317627
23-01-20 12:00;0;1892.635864
23-01-20 13:00;0;2068.056396
23-01-20 14:00;0;2126.926514
23-01-20 15:00;;2154.393066
23-01-20 16:00;0;2074.281982
23-01-20 17:00;0;2073.18335
23-01-20 18:00;0;2109.805664
23-01-20 19:00;0;2108.523926
23-01-20 20:00;0;2098.086426
23-01-20 21:00;0;2092.227051
23-01-20 22:00;0;1768.944336
23-01-20 23:00;0;1.373332977
24-01-20 00:00;0;2161.442871
24-01-20 01:00;0;1863.52124
24-01-20 02:00;0;1990.508789
24-01-20 03:00;0;2159.978027
24-01-20 04:00;0;1975.218994
24-01-20 05:00;0;2122.165527
24-01-20 06:00;0;2163.09082
24-01-20 07:00;0;2104.403809
24-01-20 08:00;0;2261.146973
24-01-20 09:00;0;2094.515869
24-01-20 10:00;0;2017.334473
24-01-20 11:00;0;2051.393066
24-01-20 12:00;0;2136.082031
24-01-20 13:00;0;2071.5354
24-01-20 14:00;0;953.2761841
24-01-20 15:00;0;1579.790649
24-01-20 16:00;0;1777.001221
24-01-20 17:00;0;1505.172852
24-01-20 18:00;0;1493.545288
24-01-20 19:00;0;1440.076904
24-01-20 20:00;0;1250.831665
24-01-20 21:00;0;1493.819946
24-01-20 22:00;0;1518.631592
24-01-20 23:00;0;1451.521362
25-01-20 00:00;0;1241.950684
25-01-20 01:00;0;1643.3302
25-01-20 02:00;0;1507.73645
25-01-20 03:00;0;1490.798706
25-01-20 04:00;0;1223.548096
25-01-20 05:00;0;1260.811157
25-01-20 06:00;0;1429.181763
25-01-20 07:00;0;1492.995972
25-01-20 08:00;0;1455.73291
25-01-20 09:00;0;1532.547974
25-01-20 10:00;0;1212.83606
25-01-20 11:00;0;1142.979248
25-01-20 12:00;0;1463.057373
25-01-20 13:00;0;993.3775024
25-01-20 14:00;0;1470.656494
25-01-20 15:00;0;1480.452881
25-01-20 16:00;0;975.157959
25-01-20 17:00;0;1087.954346
25-01-20 18:00;0;1.281777382
25-01-20 19:00;0;1.373332977
25-01-20 20:00;0;1.373332977
25-01-20 21:00;0;1.373332977
25-01-20 22:00;0;1.373332977
25-01-20 23:00;0;1.373332977
26-01-20 00:00;0;1246.620117
26-01-20 01:00;0;1599.749756
26-01-20 02:00;0;1899.502563
26-01-20 03:00;0;1835.139038
26-01-20 04:00;0;1921.384277
26-01-20 05:00;0;1833.490967
26-01-20 06:00;0;1670.339111
26-01-20 07:00;0;1665.120361
26-01-20 08:00;1586.950317;1824.243896
26-01-20 09:00;2154.014648;1185.735596
26-01-20 10:00;2268.050293;1427.991577
26-01-20 11:00;2342.033203;1610.461792
26-01-20 12:00;1956.035034;1672.353271
26-01-20 13:00;2378.972656;1692.312378
26-01-20 14:00;2386.028564;1664.113281
26-01-20 15:00;2400.036621;1422.681396
26-01-20 16:00;2486.98999;1555.894653
26-01-20 17:00;2546.964844;1461.043091
26-01-20 18:00;2617.004883;1540.604858
26-01-20 19:00;0;1428.08313
26-01-20 20:00;2127.036377;1586.565796
26-01-20 21:00;2527.976318;1075.319702
26-01-20 22:00;2664.009521;1612.75061
26-01-20 23:00;2748.991455;1555.253784
27-01-20 00:00;2615.967285;1447.49292
27-01-20 01:00;2871.950439;1696.615479
27-01-20 02:00;2822.974365;1612.292847
27-01-20 03:00;2885.958496;1433.576416
27-01-20 04:00;2817.993652;1525.040405
27-01-20 05:00;2866.969727;1364.635132
27-01-20 06:00;2852.961914;1507.828003
27-01-20 07:00;2797.967529;1354.014771
27-01-20 08:00;2795.99585;1.464888453
27-01-20 09:00;2839.991455;1.464888453
27-01-20 10:00;2761.96167;8.056886673
27-01-20 11:00;2474.019531;1.373332977
27-01-20 12:00;2463.020752;1.281777382
27-01-20 13:00;2482.009277;1.281777382
27-01-20 14:00;768.9870605;1.190221906
27-01-20 15:00;2483.980713;1.190221906
27-01-20 16:00;2237.958984;1.190221906
27-01-20 17:00;2464.992188;1.190221906
27-01-20 18:00;2482.009277;1.281777382
27-01-20 19:00;2477.028809;1.190221906
27-01-20 20:00;2472.981934;1.190221906
27-01-20 21:00;2417.987549;1.373332977
27-01-20 22:00;2555.992188;1.373332977
27-01-20 23:00;2491.036621;1.373332977
28-01-20 00:00;2130.04541;1.464888453
28-01-20 01:00;2533.994629;1.464888453
28-01-20 02:00;2499.026367;1.373332977
28-01-20 03:00;2565.019775;1.464888453
28-01-20 04:00;2289.010254;1.464888453
28-01-20 05:00;2576.952393;1.464888453
28-01-20 06:00;2557.963867;1.464888453
28-01-20 07:00;2544.993408;1.55644393
28-01-20 08:00;2593.969482;1.464888453
28-01-20 09:00;2632.984375;1.464888453
28-01-20 10:00;2714.023193;1.464888453
28-01-20 11:00;2791.949219;1.281777382
28-01-20 12:00;2562.010498;1.373332977
28-01-20 13:00;2789.977783;1.281777382
28-01-20 14:00;2797.033691;1.281777382
28-01-20 15:00;2849.018799;1.281777382
28-01-20 16:00;2766.008545;1.190221906
28-01-20 17:00;2552.983154;1.281777382
28-01-20 18:00;2888.033691;1.281777382
28-01-20 19:00;2372.020752;1.190221906
28-01-20 20:00;2524.967285;1.281777382
28-01-20 21:00;2555.992188;1.373332977
28-01-20 22:00;2480.97168;1.647999525
28-01-20 23:00;2521.02417;1.464888453
29-01-20 00:00;0;1.464888453
29-01-20 01:00;2563.048096;1.55644393
29-01-20 02:00;2930.991455;1.55644393
29-01-20 03:00;2654.04834;1.55644393
29-01-20 04:00;2730.002686;1.55644393
29-01-20 05:00;2560.039063;1.464888453
29-01-20 06:00;1716.031372;1.55644393
29-01-20 07:00;2745.04834;1.55644393
29-01-20 08:00;2543.021973;1.647999525
29-01-20 09:00;2513.968262;1.55644393
29-01-20 10:00;2292.019531;1.373332977
29-01-20 11:00;2265.974854;1.464888453
29-01-20 12:00;1884.02356;1.373332977
29-01-20 13:00;0;1.281777382
29-01-20 14:00;1683.03479;1.373332977
29-01-20 15:00;1857.045166;1.281777382
29-01-20 16:00;2872.988037;1.281777382
29-01-20 17:00;2858.97998;1.190221906
29-01-20 18:00;597.9857788;1.281777382
29-01-20 19:00;2866.969727;1.373332977
29-01-20 20:00;2485.018555;1.373332977
29-01-20 21:00;2846.009766;1.464888453
29-01-20 22:00;1597.015259;1.464888453
29-01-20 23:00;2260.994385;1.464888453
30-01-20 00:00;1506.949097;1.55644393
30-01-20 01:00;2099.954102;1.647999525
30-01-20 02:00;2417.987549;1.55644393
30-01-20 03:00;2971.043945;1.55644393
30-01-20 04:00;2954.960693;1.55644393
30-01-20 05:00;2930.991455;1.647999525
30-01-20 06:00;2937.009766;1.647999525
30-01-20 07:00;2941.990479;1.647999525
30-01-20 08:00;2890.005127;1.647999525
30-01-20 09:00;2957.036133;1.55644393
30-01-20 10:00;2882.015381;1.373332977
30-01-20 11:00;2839.991455;1.464888453
30-01-20 12:00;2678.951416;1.373332977
30-01-20 13:00;0;1.373332977
30-01-20 14:00;2511.996826;1.281777382
30-01-20 15:00;2880.977783;1.281777382
30-01-20 16:00;1642.048462;1.190221906
30-01-20 17:00;2714.957031;1.373332977
30-01-20 18:00;2588.989014;1.281777382
30-01-20 19:00;2750.029053;1748.802124
30-01-20 20:00;2576.018555;1626.667114
30-01-20 21:00;2871.016602;1533.921265
30-01-20 22:00;2929.953857;1428.907104
30-01-20 23:00;2927.048584;1470.748047
31-01-20 00:00;2968.034912;1426.252075
31-01-20 01:00;2662.971924;1314.005005
31-01-20 02:00;2538.975098;1499.49646
31-01-20 03:00;2617.004883;1522.751587
31-01-20 04:00;2802.01416;1526.322266
31-01-20 05:00;2245.94873;1475.1427
31-01-20 06:00;2348.051514;1493.636841
31-01-20 07:00;2342.033203;1743.308838
31-01-20 08:00;2323.044434;1785.607422
31-01-20 09:00;2286.001221;1790.826172
31-01-20 10:00;2507.949951;1566.148926
31-01-20 11:00;2422.034424;1739.829712
31-01-20 12:00;2002.002075;1748.069702
31-01-20 13:00;1777.977783;1614.856445
31-01-20 14:00;2301.046875;1747.520386
31-01-20 15:00;2879.006348;1540.238647
31-01-20 16:00;2121.951904;1640.308838
31-01-20 17:00;2298.971436;1529.709717
31-01-20 18:00;2904.013184;1482.192505
31-01-20 19:00;2819.965088;1.190221906
31-01-20 20:00;2897.994873;1687.276855
31-01-20 21:00;2949.046387;1720.419922
31-01-20 22:00;2893.948242;1929.532715
31-01-20 23:00;2946.970947;1975.310547