X;Y;Z;Cu
267.6;105.5;97.4;3.97
160.4;133.1;131;3.96
163.5;166.5;123.4;3.28
178.9;134.9;131;3.88
178.9;134.9;119;3.92
270.4;88;131.8;3.99
180.7;103;108;3.98
171.8;166.4;132;3.97
160.4;133.1;119.5;3.96
170;184.1;131.8;3.95
270.4;88;119.8;3.91
150.2;178.1;60.2;3.89
184.1;90.7;120.6;3.88
260.3;105.4;76.6;3.86
210.5;508;132;3.28
155.7;118;84;3.78
210.5;132.9;120.2;3.71
264.3;105.5;87.9;3.67
311.2;95.7;132;3.65
184.1;90.7;108.6;3.47
180.7;103;120;3.39
180.4;118;108;3.34
420.4;283;120;3.18
155.7;118;72;3.14
180.4;118;120;3.12
120.4;133;84;3.02
240.4;493.1;108;2.97
180.4;223.2;119.9;2.95
209.9;537.7;132;2.91
151.7;537;132;2.88
363.4;109.7;38.7;2.81
210.5;508;120;2.77
236.5;519.8;54.1;2.77
253.1;509.6;10;2.74
180.4;193;120.4;2.71
210.5;508;108;2.69
240.4;493.1;120;2.69
210.4;118;90.6;2.68
256.3;105.4;65.3;2.65
170;184.1;119.8;2.65
180.4;118;96;2.63
167.1;402;130;2.62
234.1;161.8;51;2.61
210.4;118;97.6;2.61
180.4;163;107.1;2.58
210;508;84;2.58
270.4;448;71.7;2.57
184.1;90.7;96.6;2.57
146.1;422.1;132;2.56
210.6;237.8;96;2.53
240.4;493.1;84;2.52
240.4;493.1;96;2.52
170;184.1;95.8;2.51
151.7;537;120;2.51
180.7;103;132;2.51
311.2;95.7;120;2.49
232.4;520.2;65.3;2.46
210.4;118;121.6;2.46
210;508;60;2.44
210;283;12;2.42
270.4;118;132;2.42
150.3;58.3;132.4;2.42
210.5;478;132;2.41
270.4;478;95.7;2.42
178.9;134.9;107;2.39
120.4;403;111;2.37
150.2;178.1;108.2;2.36
180.2;312.5;120.1;2.35
240.4;493.1;48;2.34
210;508;24;2.33
150.3;303.2;108.3;2.33
210.4;148;123.5;2.33
171.7;323;106.3;2.32
210.4;118;109.6;2.32
120.4;343;120;2.32
180.4;223;132;2.31
210;178;84;2.29
240.4;103;107.4;2.27
209.9;537.7;120;2.27
155.7;118;48;2.27
323.4;418.4;24;2.25
240.4;493.1;36;2.24
302.2;282.2;120;2.23
109.7;313.2;60;2.23
210.4;118;132;2.22
191.7;102;108.8;2.22
240.6;519.3;42.8;2.21
170;184.1;83.8;2.21
210;508;72;2.21
120.4;403;132;2.21
270.4;508;96;2.21
210.6;237.8;108;2.22
210;148;24;2.24
356.6;406.8;36;2.23
120.4;403;123;2.22
270.4;418;36;2.19
120.4;403;99;2.19
180.4;193;132.4;2.18
210;283;84;2.18
270.4;478;131.7;2.16
300.4;463;95.3;2.15
180.4;313;120;2.15
228.3;520.6;76.6;2.14
150.4;388;107.9;2.13
241.4;519.6;15.1;2.13
305.1;463.6;110.9;2.13
180.4;163;95.1;2.11
210;178;60;2.11
210;178;72;2.11
180.4;223.2;83.9;2.12
170;184.1;107.8;2.09
202.2;523.7;67.9;2.09
180.4;193;84.4;2.09
120.4;403;87;2.09
210.8;523.6;76.2;2.08
210.5;478;120;2.08
224.2;521.1;87.9;2.07
180.4;538;84;2.07
210.4;118;120;2.07
230;162.1;62.2;2.06
256.8;511.5;33.6;2.06
244.7;518.9;31.5;2.06
254.9;510.6;21.8;2.06
180.4;118;72;2.05
171.7;323;130.3;2.04
300.4;463;106.8;2.04
240.4;223;96;2.04
240.4;493.1;24;2.04
240.4;493.1;60;2.04
180.4;522.9;72.2;2.04
180.2;312.5;108.1;2.04
109.7;313.2;48;2.04
143.3;522.6;89.9;2.03
249.9;519.7;23.5;2.03
150.2;178.1;96.2;2.03
180.4;118;60;2.02
220.1;521.5;99.1;2.02
240.4;223;12;2.02
158.6;401.9;121.5;2.02
270.8;148.1;108.2;2.01
171.7;323;94.3;2.01
270.4;478;119.7;2.01
150.4;388;83.9;2.01
308.5;458.2;64.3;2.01
305.1;463.6;86.9;2.02
150.2;147.6;120.1;2.04
240.5;343.1;96.1;2.07
180.4;538;96;2.05
148.7;293.3;102.2;2.01
210;478;24;1.99
180.4;522.9;84.2;1.99
180.4;223.2;71.9;1.99
210;283;24;1.98
210;508;48;1.98
300.4;433;106.9;1.98
323.4;418.4;12;1.97
150.4;388;95.9;1.97
180.4;223;120;1.97
260.4;513.5;57.2;1.97
150.4;388;131.9;1.96
150.8;132.9;107.8;1.96
155.7;118;60;1.96
240.3;462.6;12;1.96
240.4;433;132;1.96
180.4;463;59.6;1.96
210.5;132.9;108.2;1.96
305.1;463.6;98.9;1.95
240.4;253;120;1.95
180.4;163;83.1;1.95
420.4;283;132;1.94
180.4;118;48;1.94
210;148;72;1.94
146.1;422.1;108;1.94
180.4;522.9;24.2;1.94
109.9;423.6;91.9;1.94
210;508;96;1.93
150.4;388;119.9;1.93
360.7;223.4;48;1.93
180.2;312.5;96.1;1.93
180.4;118;41.5;1.93
210.4;148;111.5;1.93
258.6;512.5;45.4;1.92
141.7;401.9;104.5;1.92
150.4;418;107.9;1.92
210.4;148;87.5;1.92
210.4;118;133.6;1.91
248.9;518.5;20.3;1.91
150.4;238;132;1.91
180.4;223.2;95.9;1.91
133.3;401.8;96;1.91
175.2;403.2;39.3;1.91
210;178;48;1.95
180.4;163;119.1;1.92
116.4;401.7;78.9;1.93
193.6;523.8;59.5;1.89
210.5;478;108;1.89
210;478;96;1.89
240.4;103;83.9;1.89
129.5;162.7;120;1.89
120.4;133;96;1.89
167.3;521.8;85;1.88
180.4;163;131.1;1.88
240.4;223;132;1.88
171.7;323;118.3;1.88
124.8;401.8;87.4;1.87
240.4;103;119.4;1.87
160.4;522.6;106.8;1.86
210.4;388;120;1.86
210;178;12;1.86
150;208;24;1.86
180.5;553;108;1.86
180.4;223.2;107.9;1.86
210.5;448;119;1.86
120.4;403;75;1.86
150.3;303.2;120.3;1.85
180.4;343.1;95.8;1.85
217.2;102.1;134.1;1.84
189.2;340.8;132.1;1.84
195.6;166.9;64;1.84
208.7;102.1;125.7;1.84
150.4;253;108;1.83
356.6;406.8;24;1.83
180.4;223.2;59.9;1.83
228;523.5;93;1.82
258.4;519.8;32;1.82
210;508;36;1.82
241.1;133.6;132;1.82
180.4;253;131.6;1.82
180.4;538;72;1.82
120.8;492.9;120;1.82
256.2;463.1;25.1;1.81
134.8;522.5;81.5;1.81
180.4;522.9;60.2;1.81
180.4;463;131.6;1.81
172.3;340.5;115.2;1.81
270.1;447.8;60;1.81
150.4;388;23.9;1.81
150.4;268;120;1.81
305.1;463.6;74.9;1.81
180.4;403;71.6;1.81
305;458.6;52.9;1.79
210.5;508;96;1.79
180.4;193;108.4;1.79
120.4;343;108;1.79
266;516.4;92.7;1.78
270.4;478;83.7;1.78
150.4;253;120;1.78
180.4;193;72.4;1.78
262.3;514.4;69.1;1.78
150.2;148.2;131;1.78
120.4;373;101;1.78
330.4;478;119;1.77
270.4;448;119.2;1.77
264.1;515.4;80.9;1.77
270.4;418;48;1.76
268.7;128.2;108;1.76
259.9;463.1;13.6;1.76
150.2;401.9;113;1.76
210.4;178;69.1;1.75
150.8;132.9;119.8;1.75
180.4;163;71.6;1.75
185;523.8;51.1;1.74
210.4;358;119.3;1.74
150.2;147.6;108.1;1.74
180.4;118;84;1.73
150.4;238;120;1.73
300.4;133;131.5;1.73
180.4;538;120;1.73
171.7;522.1;73.8;1.73
120.8;492.9;108;1.73
180.8;340.7;123.7;1.72
290.8;460.1;7.1;1.72
210;283;96;1.71
270.3;208.2;12.2;1.71
270.8;237.8;132;1.71
300.4;163;108;1.71
240.4;223;72;1.71
103.5;399;42.6;1.71
270.4;508;120;1.71
210.4;358;47.3;1.71
155.9;297;111;1.71
155.2;166.7;114.7;1.71
180.4;463;35.6;1.71
162.7;209.3;37;1.71
240.3;462.6;108;1.71
240.4;103;95.4;1.69
270.4;478;47.7;1.69
270.4;478;59.7;1.69
300.4;433;118.9;1.69
240.4;253;108;1.69
180.4;538;108;1.69
305.1;463.6;50.9;1.69
192.5;224.2;45.8;1.68
193.6;523.3;18;1.68
270.4;418;60;1.68
180.4;613;107.8;1.68
204;166.7;72.6;1.68
390.4;178;71.6;1.67
210;178;24;1.67
120.4;343;60;1.67
210.4;298;130.8;1.67
180.4;283;107;1.66
180.4;463;119.6;1.66
120.4;403;63;1.66
294.3;459.7;18.5;1.65
176.4;523.9;42.7;1.65
150.4;418;119.9;1.65
240.3;462.6;60;1.65
240.4;493.1;72;1.65
241;373.3;59.7;1.65
120.4;373;113;1.65
180.4;463;47.6;1.64
347;348.2;77.9;1.64
323.4;418.4;72;1.64
149.8;447;60.3;1.64
120.2;133.6;132;1.64
90.4;88;108.2;1.64
198;523.6;6.8;1.63
312.1;457.8;75.8;1.63
210;478;72;1.63
210.4;298;132;1.63
360.6;343.4;24;1.63
360.7;223.4;60;1.63
240.4;283;84;1.63
180.4;433;72;1.63
305.1;463.6;62.9;1.63
162.5;163.3;73.8;1.62
219.4;523.6;84.6;1.62
210;283;60;1.62
323.4;418.4;36;1.62
269.9;238.4;132.8;1.62
210.6;237.8;120;1.62
150.4;253;84;1.62
150.4;208;132.3;1.62
120.4;403;55.5;1.62
146.9;166.9;106.1;1.62
270.4;298;117;1.61
210;418;72;1.61
300.4;163;120;1.61
180.4;522.9;48.2;1.61
180.4;313;132;1.61
168.9;522.7;115.2;1.61
311.2;95.7;60;1.61
240.4;163;108;1.61
117.2;342.8;57.9;1.61
151.8;522.6;98.3;1.61
323.4;418.4;60;1.61
150.4;388;35.9;1.61
301.2;374.1;60;1.61
120.2;133.6;120;1.61
210.4;148;75.5;1.61
364.6;400.1;50.6;1.59
300.4;493;131.2;1.59
270.4;478;107.7;1.59
270.4;358;72;1.59
301.2;374.1;72;1.59
240.6;193.6;84;1.59
186.6;492.7;120;1.59
323.3;358.7;84;1.58
301.2;374.1;108;1.58
302.2;282.2;132;1.58
210.4;358;107.3;1.58
163.8;340.4;106.7;1.58
154;163;83.8;1.58
120.4;373;89;1.58
270.4;358;132;1.57
210;148;48;1.57
150.5;253.4;132;1.57
210.4;298;82.8;1.57
357.6;400.6;60.4;1.56
270.4;418;24;1.56
240.4;253;60;1.56
171;403.2;50.6;1.56
201.5;224.2;68;1.55
210;478;60;1.55
150.5;253.4;108;1.55
150.4;208;120.3;1.55
240.4;223;84;1.55
238.7;518.9;17.8;1.55
180.4;522.9;96.2;1.55
176.1;522.3;62.7;1.55
163.1;300.7;119.9;1.55
120.8;492.9;132;1.55
267.8;517.3;104.5;1.54
240.4;163;120;1.54
240.4;103;131.4;1.54
238.7;518.9;24.3;1.54
170.7;523.9;37.1;1.54
330.6;418.2;84.1;1.54
268.7;128.2;84;1.54
241;373.3;107.7;1.54
180.4;253;119.6;1.54
178.9;134.9;95.5;1.54
177.5;522.7;123.6;1.54
270.4;448;83.2;1.54
112.8;397.9;20.6;1.54
271.5;519.2;128.1;1.53
300.4;433;94.9;1.53
247.5;147.9;119.4;1.53
356.6;406.8;48;1.53
238.7;518.9;108.3;1.53
366.9;102.9;37.7;1.53
120.8;492.9;96;1.53
252.6;463;36.5;1.52
368.9;102.9;49.5;1.52
197;224.2;56.9;1.52
240.4;493.1;12;1.52
180.4;403;119.6;1.52
344.7;348.1;71.8;1.52
240.4;313;119.1;1.52
210.5;448;131;1.52
120.2;442.4;95.8;1.52
179.4;403.3;28.1;1.51
325.3;388.3;60;1.51
150.2;148.2;119.5;1.51
240.4;223;108;1.51
149.8;481.2;131.5;1.51
111.1;162.6;85.1;1.51
120.4;193;72;1.51
237.8;166.1;106.7;1.51
299.7;127.8;30.4;1.51
187.5;281.8;121;1.51
170.5;281.8;104.1;1.51
270.4;478;35.7;1.51
270.4;328;60;1.51
150;238;84;1.51
288.7;225.7;36;1.51
170;184.1;71.8;1.51
210;283;72;1.51
120.5;463;95.7;1.51
109.7;313.2;72;1.51
247.5;147.9;107.4;1.49
236.6;523.4;101.4;1.49
187.9;224.2;34.7;1.49
158.2;163.1;85;1.49
333.6;386.8;132;1.49
270.9;268.1;108;1.49
210.5;478;84;1.49
210;478;12;1.49
210;478;84;1.49
210.4;328;83.1;1.49
288.7;225.7;24;1.49
180;373;84;1.49
120.4;553;72;1.49
90.4;88;96.2;1.49
150.5;253.4;120;1.48
240.3;462.6;36;1.48
180.4;343.1;107.8;1.48
270.8;148.1;96.2;1.47
184.8;522.8;40.3;1.47
270.4;508;132;1.47
210.4;253;120;1.47
356.6;406.8;12;1.47
180.4;433;108;1.47
180.4;433;84;1.47
167.2;209.6;25.9;1.46
180.4;463;107.6;1.46
170.4;304.4;128.7;1.46
270.1;447.8;12;1.46
210;148;84;1.46
240.3;462.6;48;1.46
240.4;253;96;1.46
239.8;133.3;122;1.46
120.4;523;84.2;1.46
186.6;402.4;49.1;1.45
270.4;508;108;1.45
270.7;177.6;96.3;1.45
210;478;36;1.45
150.3;508;96.1;1.45
150.8;132.9;59.8;1.45
240.4;403;132;1.45
417.8;212.2;16.7;1.44
300.2;342.9;132;1.44
311.2;115.7;13.2;1.44
242.4;161.2;28.5;1.44
270.4;328;96;1.44
270.8;148.1;120.2;1.44
210.4;328;95.1;1.44
355;109.5;30.1;1.44
180.5;522.6;51.5;1.44
180.4;283;95;1.44
210.4;298;106.8;1.44
311.2;95.7;72;1.43
200.2;102;117.2;1.43
270.4;358;84;1.43
210;478;48;1.43
205;388;84;1.43
210.4;148;68;1.43
240.4;223;36;1.43
180.4;193;96.4;1.43
232.9;519.5;6.6;1.43
224.1;224.2;123.6;1.43
294;133.8;39.1;1.42
259.8;403;48.6;1.42
238.3;161.5;39.7;1.42
180.4;463;23.6;1.42
113;339.5;55.7;1.42
155.3;340.2;98.2;1.42
210.5;268;108;1.42
150.4;268;108;1.42
180.4;522.9;120.2;1.42
120.4;523;96.2;1.42
179.7;163.9;29;1.42
210.4;148;99.5;1.42
246.2;165.9;115.2;1.41
238.7;518.9;60.3;1.41
210;283;48;1.41
255.7;147.9;24.3;1.41
210.5;132.9;72.2;1.41
150.4;253;96;1.41
150.4;208;84.3;1.41
180.5;553;120;1.41
180.4;433;132;1.41
210.4;88;95.4;1.41
278;178;109.1;1.41
192;342.8;37.2;1.41
209.2;418;72.2;1.41
150.4;388;59.9;1.41
370.9;102.9;61.3;1.41
343.7;401.4;79.9;1.41
300.4;433;130.9;1.41
187.9;342.8;48.5;1.41
270.4;298;129;1.41
264.1;343.2;112.5;1.39
278;178;61.1;1.39
238.7;518.9;36.3;1.39
270.4;388;71.1;1.39
210.7;447.4;107.3;1.39
150.4;208;96.3;1.39
420.4;283;108;1.39
241;373.3;71.7;1.39
180.4;522.9;36.2;1.39
120.4;343;132;1.39
253.8;523.3;118.1;1.38
186;522.8;132;1.38
135;521.8;8;1.38
180.4;463;95.6;1.38
330.5;387.5;131.5;1.38
210;148;36;1.38
146.1;422.1;120;1.38
240.4;223;60;1.38
180.4;403;83.6;1.38
272.7;343.2;120.9;1.38
371.8;110;47.3;1.37
240.4;105.2;20;1.37
330.6;418.2;132.1;1.37
270.4;358;120;1.37
210;208;24;1.37
150.4;388;71.9;1.37
300.4;433;83.4;1.37
243;578.6;132;1.37
210.4;178;78.6;1.37
259.4;170;90.9;1.36
210.7;447.4;119.3;1.36
244.4;105.2;31.3;1.36
276.4;282.3;7.6;1.36
270.4;328;108;1.36
269.9;238.4;72.8;1.36
210.6;237.8;132;1.36
210;208;48;1.36
150.4;358;120.1;1.36
300.2;342.9;60;1.36
239.8;133.3;55.5;1.36
186.6;492.7;108;1.36
180.4;433;60;1.36
120.4;523;132.2;1.36
270.9;523.2;134.9;1.35
323;478;99.8;1.35
338.3;109;12.9;1.35
158.5;403;84.4;1.35
166.9;403.1;61.8;1.35
189.2;523.1;29.1;1.35
179;281.8;112.6;1.35
270;298;87;1.35
161.8;167.6;29.9;1.35
330.5;387.5;107.5;1.35
270.4;478;71.7;1.35
270.4;358;108;1.35
270.4;328;132;1.35
240.4;163;36;1.35
390.2;148.1;84.2;1.34
239.8;133.3;62;1.34
162.7;403;73.1;1.34
255.7;147.9;12.3;1.34
240.4;343;124;1.34
240.6;193.6;96;1.34
238.7;518.9;120.3;1.34
112.4;424.8;80.2;1.34
210;63.9;133.8;1.34
240.4;313;83.1;1.33
270.1;447.8;36;1.33
210;208;12;1.33
210;208;60;1.33
150.3;508;84.1;1.33
150;358;48;1.33
301.2;374.1;96;1.33
300.2;313.2;12;1.33
240.4;223;120;1.33
240.4;163;48;1.33
180.4;403;120;1.33
180;373;48;1.33
270.4;448;95.2;1.33
153.4;167.7;21.4;1.33
107.9;401.7;70.4;1.33
390.2;148.1;132.2;1.32
390.4;178;95.1;1.32
268.3;238.2;59;1.32
350.6;401;70.1;1.32
210.4;298;70.8;1.32
210.7;447.4;83.3;1.32
167;403.2;24.4;1.32
270.4;328;84;1.32
270.4;178.1;120;1.32
150.4;343;47.9;1.32
150;208;84;1.32
240.3;462.6;24;1.32
180.5;553;132;1.32
210.5;448;107;1.32
215.1;224.2;101.4;1.32
107;162.7;96.4;1.32
300.4;493;119.2;1.31
170;184.1;35.8;1.31
210.4;178;114.6;1.31
155.7;118;24;1.31
240.4;373;108;1.31
240.5;343.1;120.1;1.31
180.4;433;120;1.31
196.1;342.9;26;1.31
180.4;283;119;1.31
108.1;398.4;31.6;1.31
120.5;463;83.7;1.31
76;641.4;41.9;1.31
90.4;88;132.2;1.31
223;463.6;106.6;1.31
210.4;298;94.8;1.31
170;184.1;59.8;1.31
188.3;164.2;6.6;1.31
323.4;418.4;48;1.31
210.4;553;96.1;1.31
210.5;268;120;1.31
180.4;283;120;1.31
129.5;162.7;96;1.31
210.4;358;83.3;1.31
210.4;298;118.8;1.31
210.4;148;135.5;1.31
270.4;508;84;1.29
210.5;478;96;1.29
210.7;447.4;71.3;1.29
210;418;96;1.29
210.4;358;132;1.29
210;178;36;1.29
150.4;298;132;1.29
150.2;147.6;72.1;1.29
356.6;406.8;120;1.29
300.5;253.1;78.3;1.29
240.5;343.1;72.1;1.29
206;224.2;79.1;1.29
67.4;641.3;33.6;1.29
240.4;313;107.1;1.28
270.2;268.4;24.3;1.28
269.5;269.3;120.9;1.28
360.6;343.4;12;1.28
240.3;462.6;84;1.28
240.4;403;95.1;1.28
241;373.3;83.7;1.28
240.5;343.1;60.1;1.28
180.5;373;120;1.28
180.4;463;71.6;1.28
229.7;343.3;79.1;1.28
210.4;418;95;1.28
120.2;442.4;83.8;1.28
266.9;519.9;40.5;1.27
270.8;148.1;84.2;1.27
248.3;105.3;42.7;1.27
210.4;553;108.1;1.27
240.5;343.1;84.1;1.27
129.5;162.7;48;1.27
184;164.1;17.8;1.27
219.6;224.2;112.5;1.27
388.5;110.5;64.5;1.26
212.5;166.6;81.1;1.26
150;208;12;1.26
420.4;283;84;1.26
306;309.3;113.5;1.26
240.4;253;132;1.26
180.4;433;96;1.26
180.4;223.2;47.9;1.26
146.9;340.1;89.7;1.26
139.3;163.7;25.6;1.26
210.4;418;107;1.26
180.4;463;83.6;1.26
170;184.1;11.8;1.26
82;393.4;132;1.26
378.6;399.3;31.1;1.25
210.7;447.4;35.3;1.25
126.9;522;30.6;1.25
270.4;208;120;1.25
150.4;418;23.9;1.25
150.4;418;131.9;1.25
150.4;343;107.9;1.25
150;208;48;1.25
240.3;433.1;59.6;1.25
180;373;12;1.25
180.4;492.9;96.1;1.25
300.5;253.1;84.8;1.25
240.4;343;136;1.25
238.7;518.9;48.3;1.25
390.2;148.1;120.2;1.24
125;342.9;67.1;1.24
231.5;463.6;115.1;1.24
252.3;105.3;54;1.24
301.4;459;41.4;1.24
238.7;518.9;72.3;1.24
238.7;518.9;96.3;1.24
188.8;463.5;72.9;1.24
329.8;219.1;78.5;1.24
210;418;36;1.24
210;418;84;1.24
306.9;200.8;119.7;1.24
241.1;133.6;120;1.24
239.8;133.3;134;1.24
297.9;459.4;30;1.24
307.8;560.7;120;1.23
305.1;463.6;38.9;1.23
270.4;448;107.2;1.23
395.3;207.8;71.8;1.23
269.9;238.4;120.8;1.23
210;208;84;1.23
150.4;343;119.9;1.23
150.2;178.1;120.2;1.23
150.2;147.6;96.1;1.23
360.6;343.4;60;1.23
140.4;343.2;85.5;1.23
270;298;51;1.23
210.4;418;71;1.23
300.4;463;130.8;1.22
336.7;401.9;89.7;1.22
169.5;458.9;133.4;1.22
167;403.2;36.4;1.22
325.3;388.3;72;1.22
325.3;388.3;84;1.22
323.3;358.7;48;1.22
269.5;269.3;60.9;1.22
210.7;447.4;23.8;1.22
210.4;388;132;1.22
149.8;447;96.3;1.22
302.2;282.2;48;1.22
180.4;403;108;1.22
180.4;522.9;108.2;1.22
180.4;403;59.6;1.22
238.3;343.3;87.5;1.22
239.8;133.3;110;1.22
90;88;48;1.22
267;403;39;1.21
180.3;463.5;64.5;1.21
270;358;56;1.21
269.5;269.3;84.9;1.21
150.4;208;108.3;1.21
151.3;85.7;132.8;1.21
240.4;433;120;1.21
239.9;79.5;54.9;1.21
170;184.1;47.8;1.21
268.3;238.2;95;1.21
187.2;167.1;55.5;1.21
90.4;207.9;59.7;1.21
184.1;90.7;48.6;1.21
158.2;209.1;48.2;1.21
330.4;478;131;1.21
248.6;463.6;131.9;1.21
270;358;80;1.21
209.2;418;84.2;1.21
210.4;388;72;1.21
150.4;358;96.1;1.21
180.4;403;95.6;1.21
175.4;163.7;40.2;1.21
196;281.8;129.5;1.21
177.4;457.7;27;1.21
102.3;420;126.9;1.21
98.6;105.8;116.3;1.21
90;118;84;1.21
275.4;520;48.9;1.19
210.5;448;95;1.19
268.7;128.2;120;1.19
210.5;598;132;1.19
239.7;312.8;84;1.19
180;373;36;1.19
180.4;492.9;108.1;1.19
129.5;162.7;60;1.19
90;88;60;1.19
90;88;108;1.19
207.1;64.2;84.9;1.18
131;521.9;19.3;1.18
138.6;167;97.4;1.18
268.7;128.2;96;1.18
210.4;553;120.1;1.18
210;208;36;1.18
150.4;418;59.9;1.18
150.4;418;71.9;1.18
150.4;343;71.9;1.18
150.2;178.1;48.2;1.18
356.6;406.8;60;1.18
329.7;402.3;99.4;1.18
120.4;163;117.2;1.18
98.8;399.6;53.7;1.18
120.4;193;84;1.18
390.4;178;83.1;1.17
210.4;328;119.1;1.17
270;358;8;1.17
270.4;328;12;1.17
210.4;388;108;1.17
150.4;388;47.9;1.17
150.4;343;35.9;1.17
240.3;462.6;120;1.17
120.4;523;120.2;1.17
210.4;178;102.6;1.17
239.8;133.3;86;1.17
239.9;79.5;61.4;1.17
120.4;343;96;1.17
92.5;523.7;12.7;1.17
90.4;88;120.2;1.17
183.4;224.2;23.6;1.16
270;298;63;1.16
255;281;114.9;1.16
241.7;403.3;48.4;1.16
166.8;163.4;62.6;1.16
185.2;342.7;56.1;1.16
205;388;72;1.16
210.5;268;84;1.16
150.3;508;72.1;1.16
149.8;447;108.3;1.16
150.4;418;47.9;1.16
150.4;418;83.9;1.16
150.4;343;95.9;1.16
300.3;253.2;132;1.16
240.3;433.1;119.6;1.16
180;373;72;1.16
180.4;492.9;24.1;1.16
253;518;9;1.16
255.5;343.2;104.2;1.16
388;118.4;84.7;1.15
419.3;343.5;132.2;1.15
385.5;398.8;21.4;1.15
300.5;253.1;120.8;1.15
239.8;403.2;27.1;1.15
270.4;418;12;1.15
209.2;418;36.2;1.15
210.4;388;84;1.15
210.4;253;108;1.15
152.3;88;24;1.15
152.3;88.2;24;1.15
305.1;463.6;26.9;1.15
301.2;374.1;48;1.15
239.7;312.8;96;1.15
180.4;253;59.6;1.15
270.5;538;130.8;1.15
180.4;283;131;1.15
210.4;328;107.1;1.15
120.5;463;107.7;1.15
120.2;442.4;131.8;1.15
346.7;109.3;21.5;1.14
383.1;202.9;53.5;1.14
241.7;403.3;12.4;1.14
270.4;508;72;1.14
269.5;269.3;132.9;1.14
269.9;238.4;60.8;1.14
270.3;208.1;120.5;1.14
150;238;72;1.14
360.6;343.4;84;1.14
240.4;553;131.8;1.14
240.4;163;72;1.14
240.4;163;84;1.14
241;373.3;95.7;1.14
240.5;343.1;108.1;1.14
210.4;418;119;1.14
321.3;456.8;105.4;1.14
210.5;132.9;96.2;1.14
120.4;193;60;1.14
408.7;345;12.7;1.14
410.8;344.7;36.6;1.14
330.4;478;107.5;1.13
311.2;95.7;108;1.13
171.7;323;82.3;1.13
239.8;133.3;98;1.13
270.4;358;96;1.13
269.5;269.3;108.9;1.13
150.4;208;72.3;1.13
300.1;403;84;1.13
300.2;342.9;48;1.13
180.4;343.1;119.8;1.13
129.5;162.7;108;1.13
229.3;166.2;98.2;1.13
300.4;463;118.8;1.13
324.6;512.3;114.5;1.12
269.4;567.9;120;1.12
274.2;403;29.4;1.12
270.4;388;47.1;1.12
210.4;358;131.3;1.12
245.2;523.4;109.7;1.12
150;208;36;1.12
305.5;121.8;21.8;1.11
210.6;224.2;90.2;1.11
236.4;105.1;8.7;1.11
297.3;280.1;9.7;1.11
210;148;60;1.11
150;208;60;1.11
300.2;313.2;60;1.11
240.3;433.1;107.6;1.11
121.5;339.6;64.2;1.11
112.5;274.7;58.1;1.11
324.6;512.3;121;1.11
228.7;224.2;134.7;1.11
121.9;167.4;80.1;1.11
162.1;281.9;95.6;1.11
330.6;418.2;120.1;1.11
180.5;373;132;1.11
180.4;492.9;120.1;1.11
319.2;457;98.7;1.11
120.5;223.3;50;1.11
323;478;75.8;1.09
120;428.4;45.2;1.09
240.4;313;95.1;1.09
136.4;163.9;14;1.09
239.8;133.3;74;1.09
226.5;282.1;39.7;1.09
123.5;162;51.3;1.09
127.6;161.8;40;1.09
323.4;418.4;84;1.09
323.4;418.4;96;1.09
210.4;553;72.1;1.09
210.5;268;132;1.09
149.8;447;72.3;1.09
360.6;343.4;72;1.09
420.4;283;96;1.09
306;309.3;125.5;1.09
180.4;463;11.6;1.09
210.4;418;131;1.09
120.4;373;77;1.09
210.4;88;131.4;1.09
120.2;442.4;71.8;1.09
90;118;72;1.09
120.4;193;48;1.09
240.4;403;119.1;1.08
270.1;447.8;24;1.08
171.7;209.9;14.8;1.08
323.3;358.7;72;1.08
270.4;328;120;1.08
270.7;177.6;108.3;1.08
150.4;388;11.9;1.08
150;238;60;1.08
150.3;58.3;108.4;1.08
360.7;223.4;120;1.08
240.3;462.6;96;1.08
240.4;283;96;1.08
167;403.1;12.4;1.08
305.1;463.6;14.9;1.08
412;212.3;11.4;1.08
120.5;463;131.7;1.08
420.4;222.9;96.3;1.07
247.5;147.9;131.4;1.07
209.3;85.9;12;1.07
210.7;447.4;59.3;1.07
225.8;162.5;73.5;1.07
322.1;218.8;59.4;1.07
210.4;358;95.3;1.07
205.8;283;95.9;1.07
210.4;253;96;1.07
150.4;343;83.9;1.07
150.2;178.1;84.2;1.07
360.6;343.4;36;1.07
179.9;313;12;1.07
179.9;313.4;12;1.07
210.7;447.4;95.3;1.07
210.4;178;126.6;1.07
240.4;343;112;1.07
101.6;115.7;120;1.07
90;88;120;1.07
247.5;147.9;95.4;1.06
311.2;95.7;48;1.06
184.1;90.7;60.6;1.06
278;178;25.1;1.06
240.5;342.8;60.1;1.06
329.5;328.3;120;1.06
209.2;418;60.2;1.06
150.4;448;132;1.06
361.1;283.1;36;1.06
361.1;283.1;60;1.06
240.4;373;132;1.06
240.4;223;24;1.06
180.4;403;96;1.06
120.2;442.4;107.8;1.06
336.1;347.8;49.4;1.05
149.8;481.2;83.5;1.05
135.1;71.8;55.7;1.05
209;581.5;126.5;1.05
119.4;162.2;62.6;1.05
270.8;237.8;120;1.05
270.3;208.1;48.5;1.05
255.7;147.9;48.3;1.05
149.8;447;120.3;1.05
150.4;343;11.9;1.05
240.3;433.1;83.6;1.05
180.4;253;71.6;1.05
196.7;283.1;48.2;1.05
104.8;421.2;115.2;1.05
315.6;457.4;87.3;1.05
323;478;111.8;1.04
307;553.4;118;1.04
210.7;447.4;47.3;1.04
279.2;280.2;25.5;1.04
240.5;342.8;12.1;1.04
240.5;342.8;48.1;1.04
270.4;418;84;1.04
270;358;92;1.04
150.4;418;95.9;1.04
150;358;36;1.04
150.2;147.6;84.1;1.04
302.2;282.2;36;1.04
167;403.3;60.4;1.04
270.4;298;105;1.04
114.9;426;68.5;1.04
131.8;161.6;28.8;1.04
269.4;567.9;108;1.03
209.3;88;12;1.03
300.4;493;107.2;1.03
278;178;49.1;1.03
241.7;403.3;36.4;1.03
165.4;456.6;60.9;1.03
269.9;238.4;108.8;1.03
210.4;418;132;1.03
210.4;388;60;1.03
150.8;132.9;83.8;1.03
360.6;343.4;48;1.03
180.4;253;83.6;1.03
129.5;162.7;84;1.03
210.4;418;83;1.03
249;463;48;1.03
148.1;163.3;60.5;1.03
65.5;106.3;84.4;1.03
120.4;463;132;1.03
102.9;523.1;98.4;1.03
323;478;87.8;1.02
420.4;222.9;84.3;1.02
420.4;222.9;120.3;1.02
360.8;463.6;48;1.02
392.5;398.4;11.6;1.02
221.7;162.8;84.7;1.02
197.3;463.6;81.4;1.02
173.4;457.3;38.3;1.02
210.4;553;84.1;1.02
150.3;508;60.1;1.02
361.1;283.1;96;1.02
301.2;374.1;12;1.02
300.5;253.1;132.8;1.02
240.4;553;107.8;1.02
240.6;193.6;132;1.02
180.4;492.9;84.1;1.02
120.4;553;84;1.02
326.6;219;70.6;1.02
170;184.1;23.8;1.02
64.1;210.2;28.3;1.02
90;88;36;1.02
254.7;165.7;123.7;1.01
300.4;523;107.7;1.01
228.7;582.6;60.6;1.01
411.3;404.3;41.2;1.01
185.7;282.2;50.6;1.01
254;162.8;53.9;1.01
210;283;36;1.01
278;178;37.1;1.01
240.4;403;131.1;1.01
241.7;403.3;24.4;1.01
380.1;110.2;55.9;1.01
325.3;388.3;12;1.01
270.4;418;72;1.01
150.2;147.6;60.1;1.01
150.3;58.3;120.4;1.01
301.2;374.1;84;1.01
301.2;374.1;120;1.01
240.3;433.1;71.6;1.01
180.4;343.1;83.8;1.01
120.4;523;108.2;1.01
219.8;402.4;82.3;1.01
107.3;422.4;103.6;1.01
262.3;523.2;126.5;1.01
371.6;399.7;40.9;1.01
330.5;253;132;1.01
270;358;32;1.01
210.5;598;120;1.01
153.5;94.7;120;1.01
300.2;313.2;108;1.01
239.7;312.8;60;1.01
240.4;283;36;1.01
122.5;429.6;33.5;1.01
270.4;388;95.1;1.01
270;298;39;1.01
268.3;238.2;83;1.01
234.8;281.8;17.1;0.99
246.9;343.3;95.8;0.99
364.8;102.9;25.8;0.99
270.4;388;119.1;0.99
270;298;99;0.99
270.2;268.4;60.3;0.99
330.6;418.2;96.1;0.99
270.4;388;83.1;0.99
269.9;238.4;96.8;0.99
270.3;208.1;108.5;0.99
150.3;508;120.1;0.99
300.2;313.2;24;0.99
180.4;403;132;0.99
120.4;553;96;0.99
120.4;133;108;0.99
108.6;282.7;96;0.99
98.9;523.3;109.8;0.99
97.9;107.5;78.3;0.99
106.8;523;87.1;0.99
120.4;193;96;0.99
388;118.4;72.7;0.98
240.4;163;132;0.98
169.4;456.9;49.6;0.98
112.5;106.9;38.7;0.98
270.4;418;120;0.98
270.9;268.1;132;0.98
270.7;177.6;120.3;0.98
210.5;598;108;0.98
210;418;48;0.98
210.5;268;96;0.98
150.4;418;35.9;0.98
306;309.3;101.5;0.98
240.4;283;132;0.98
240.4;283;12;0.98
240.6;193.6;60;0.98
180.4;343.1;59.8;0.98
231.4;403.2;49.6;0.98
311.2;95.7;84;0.97
240.4;163;96;0.97
240.1;463.6;123.5;0.97
110.8;522.9;75.8;0.97
153.7;208.8;59.3;0.97
270.3;208.1;96.5;0.97
152.3;88;36;0.97
152.3;88.2;36;0.97
306.9;200.8;107.7;0.97
240.3;462.6;72;0.97
238.6;313.1;133;0.97
125.4;582.2;48;0.97
210.4;178;90.6;0.97
75.6;471.8;132;0.97
92.5;523.7;24.7;0.97
270.4;388;59.1;0.96
270;358;44;0.96
210;208;72;0.96
210;148;14;0.96
150.3;508;108.1;0.96
150.4;358;84.1;0.96
150.4;268;60;0.96
150;238;48;0.96
300.1;403;96;0.96
288.7;225.7;108;0.96
240.6;193.6;108;0.96
179.9;313;48;0.96
179.9;313.4;48;0.96
125.4;582.2;36;0.96
327.3;358.5;117.8;0.96
75.6;471.8;60;0.96
101.8;545.8;115.5;0.96
408.9;404.6;29.4;0.95
270.4;448;131.2;0.95
180.4;283;59;0.95
322.7;402.7;109.2;0.95
125;430.8;21.9;0.95
122.9;522.2;41.9;0.95
205;388;48;0.95
152.3;88;96;0.95
152.3;88.2;96;0.95
356.6;406.8;72;0.95
288.7;225.7;60;0.95
180.4;283;132;0.95
180.4;253;107.6;0.95
236.8;402.5;99.3;0.95
214.4;463.6;98.2;0.95
270.4;388;131.1;0.95
126.2;522.5;73.1;0.95
149.8;481.2;107.5;0.95
106.8;277.4;28;0.95
309.2;493.3;113.5;0.94
300.4;493;95.2;0.94
180;73;84;0.94
288.8;403.3;10.3;0.94
246.6;160.9;17.2;0.94
330.4;148;132.2;0.94
270.4;328;24;0.94
269.5;269.3;48.9;0.94
152.3;88;72;0.94
152.3;88.2;72;0.94
240.3;462.6;132;0.94
240.4;163;60;0.94
118.9;522.5;53.2;0.94
181.4;458;15.7;0.94
115.3;162.4;73.8;0.94
120.4;373;125;0.94
263.1;165.6;132.3;0.93
151.3;85.7;120.8;0.93
244;403.1;15.9;0.93
200.5;581.3;118;0.93
150;358;84;0.93
240.4;433;108;0.93
180.4;492.9;72.1;0.93
125.4;582.2;60;0.93
300.5;253.1;108.8;0.93
117.4;427.2;56.9;0.93
100;107.4;72.5;0.93
102.9;162.9;107.6;0.93
390.4;178;119.1;0.92
390.4;178;107.1;0.92
415.3;163.4;131.8;0.92
300.4;493;83.7;0.92
149.8;481.2;95.5;0.92
238.7;518.9;84.3;0.92
268.3;238.2;35;0.92
344.3;202.2;109.4;0.92
351.1;202.3;99.5;0.92
167;403.3;48.4;0.92
270.1;447.8;48;0.92
241.7;403.3;60.4;0.92
323.3;358.7;36;0.92
270;358;68;0.92
269.9;238.4;84.8;0.92
205.5;328.9;84;0.92
217;268;60;0.92
240.4;343;104;0.92
179.7;76.4;120;0.92
132.7;343;76.3;0.92
281.5;403.1;19.9;0.92
90;88;72;0.92
340.4;348;60.6;0.91
331.9;347.7;38.2;0.91
210.4;88;83.9;0.91
300.2;342.9;120;0.91
378.5;202.8;60.1;0.91
250.6;283.1;61.8;0.91
218.2;282.5;62.2;0.91
270.2;268.4;36.3;0.91
281.3;343.2;129.3;0.91
330.5;208;131.5;0.91
270.4;298;94.5;0.91
270.9;268.1;120;0.91
150.4;343;59.9;0.91
150.4;343;131.9;0.91
360.4;313;132;0.91
361.1;283.1;72;0.91
300.1;403;72;0.91
302.2;282.2;60;0.91
240.4;313;131.1;0.91
240.4;223;48;0.91
241;373.3;119.7;0.91
180.4;492.9;12.1;0.91
129.5;162.7;72;0.91
205.9;463.6;89.8;0.91
90;88;96;0.91
101.8;342.5;39.6;0.91
265.2;164;82.2;0.91
207.1;64.2;54.4;0.91
202.8;402.4;65.3;0.91
170.3;167.4;38.4;0.91
221.1;343.3;70.7;0.91
177.1;101.9;94.3;0.91
306.5;284.2;70.7;0.91
270.4;418;96;0.91
270.3;208.1;60.5;0.91
270.3;208.1;72.5;0.91
270.8;148.1;132.2;0.91
210;238;48;0.91
302.2;282.2;108;0.91
120.4;343;72;0.91
236.3;643;109.7;0.91
260.8;283;40.1;0.91
180.4;283;83;0.91
94.2;400.1;64.7;0.91
323;478;19.8;0.89
207.1;64.2;60.9;0.89
240.5;342.8;24.1;0.89
210.5;132.9;48.2;0.89
150.4;268;132;0.89
150.4;253;60;0.89
155.7;118;36;0.89
120.4;133;120;0.89
151.3;85.7;108.8;0.89
230.7;281.9;28.4;0.89
109.7;313.2;84;0.89
120.4;193;108;0.89
208.7;74.6;112.4;0.88
269.7;518.3;116.3;0.88
194.3;402.4;56.9;0.88
313.3;218.4;37.1;0.88
327.3;358.5;94.8;0.88
269.5;269.3;96.9;0.88
270.4;178.1;132;0.88
268.7;128.2;132;0.88
209.2;418;48.2;0.88
361.1;283.1;108;0.88
361.1;283.1;120;0.88
420.4;283;72;0.88
302.2;282.2;72;0.88
288.7;225.7;72;0.88
306.9;200.8;131.7;0.88
268.3;238.2;71;0.88
340.3;284;104.8;0.88
409.7;344.9;24.7;0.88
422.7;403.3;100.1;0.87
132.9;580.2;50.5;0.87
117.5;397.3;9.5;0.87
135.9;161.4;17.5;0.87
171.7;323;34.3;0.87
211.3;402.4;73.8;0.87
145.2;163.5;48.9;0.87
360.7;223.4;108;0.87
300.1;403;60;0.87
240.4;403;108;0.87
240.6;193.6;120;0.87
240.3;433.1;95.6;0.87
141.8;582.6;60.6;0.87
220.9;166.4;89.6;0.87
268.3;238.2;23;0.87
90;88;24;0.87
323;478;27.8;0.86
167.5;52.3;85.4;0.86
145;167.9;12.9;0.86
300.5;253.1;96.8;0.86
240.4;403;71.1;0.86
228.3;402.4;90.8;0.86
246.5;280.9;106.4;0.86
317.7;218.6;48.3;0.86
330.5;387.5;119.5;0.86
323.3;358.7;60;0.86
323.3;358.7;108;0.86
270.4;328;36;0.86
210.4;298;59.3;0.86
217;268;84;0.86
150.3;303.2;96.3;0.86
301.2;374.1;132;0.86
120.4;253;121;0.86
120.5;223.3;26;0.86
207.1;64.2;72.9;0.85
268.3;238.2;47;0.85
171.7;323;22.3;0.85
270.3;208.2;60.2;0.85
331.8;284;96.3;0.85
210.4;388;96;0.85
210;238;84;0.85
239.7;312.8;24;0.85
240.4;283;108;0.85
240.4;283;24;0.85
180.5;373;108;0.85
180.4;492.9;36.1;0.85
180.4;403;107.6;0.85
323.3;347.4;15.7;0.85
186.4;582.4;18;0.85
270.4;388;107.1;0.85
240.4;403;107.1;0.85
108.6;282.7;72;0.85
357.1;493.5;78;0.84
270;298;75;0.84
395.3;207.8;107.3;0.84
192;581.2;109.5;0.84
270.3;208.2;24.2;0.84
330.4;268;119.7;0.84
205.5;328.9;72;0.84
217;268;12;0.84
149.8;447;84.3;0.84
361.1;283.1;48;0.84
300.1;403;132;0.84
300.7;643.4;96;0.84
120.4;343;84;0.84
183.2;101.9;100.3;0.84
270.4;388;35.1;0.84
120.4;163;105.2;0.84
90;105.9;108;0.84
382.3;102.9;132.4;0.83
388;118.4;108.7;0.83
243;578.6;120;0.83
327.3;358.5;105.8;0.83
270.4;328;48;0.83
210.4;418;59.5;0.83
150;358;24;0.83
150.3;58.3;84.4;0.83
360.6;343.4;108;0.83
300.2;342.9;72;0.83
240.4;553;119.8;0.83
179.7;76.4;108;0.83
120.2;442.4;119.8;0.83
120.5;223.3;38;0.83
72.7;642.8;122.9;0.83
108.6;282.7;48;0.83
104.5;339.3;47.2;0.83
184.1;90.7;36.6;0.82
323;478;63.8;0.82
288.2;139.8;47.7;0.82
395.3;207.8;95.3;0.82
229.6;280.6;89.5;0.82
270.2;280.3;33.5;0.82
270.7;177.6;60.3;0.82
255.7;147.9;36.3;0.82
150.4;253;72;0.82
360.6;343.4;96;0.82
360.7;223.4;96;0.82
300.2;313.2;72;0.82
179.9;313;60;0.82
179.9;313.4;60;0.82
120.4;553;120;0.82
120.4;133;72;0.82
171.7;463.5;56.1;0.82
141;580.3;58.7;0.82
180.4;283;47;0.82
82;393.4;96;0.82
82;393.4;108;0.82
120.4;283;132.5;0.82
109.5;342.7;48.7;0.82
120.4;373;132;0.82
360.8;463.6;84;0.81
311.2;95.7;96;0.81
306;309.3;89.5;0.81
217.5;581.6;135;0.81
327.3;358.5;129.8;0.81
245.6;162.8;62.4;0.81
126.7;431.6;14.1;0.81
330.5;387.5;95.5;0.81
323.3;358.7;24;0.81
269.5;269.3;72.9;0.81
210;238;60;0.81
150.8;132.9;95.8;0.81
300.2;342.9;84;0.81
288.7;225.7;48;0.81
240.4;283;60;0.81
240.6;193.6;48;0.81
240.6;193.6;72;0.81
151;163.2;72.1;0.81
149.3;208.5;70.3;0.81
141.1;582.2;36.6;0.81
189.9;282;39.3;0.81
253.7;402.5;116.3;0.81
123.1;72.3;76.5;0.81
72.4;468.5;13.8;0.81
90.7;57.9;132;0.81
120.4;253;90.5;0.81
60;223;23;0.81
296.4;583;128.6;0.81
327.6;347.5;26.9;0.81
240.6;643;84;0.81
149.8;481.2;119.5;0.81
364.8;202.6;79.8;0.81
161;458.7;125;0.81
151.3;85.7;96.8;0.81
129.9;339.8;72.7;0.81
145.1;281.9;78.6;0.81
221.1;280.5;81;0.81
179.6;224.2;14.3;0.81
372.9;102.9;73.2;0.81
158.9;456;79.5;0.81
210.4;253;60;0.81
240.4;403;59.6;0.81
180.4;492.9;60.1;0.81
180.2;312.5;84.1;0.81
171.7;323;46.3;0.81
119.7;278.4;66.9;0.81
120.4;253;97;0.81
120.5;223.3;86;0.81
406.6;404.9;17.7;0.79
270.5;568.8;120;0.79
360.8;463.6;132;0.79
390.4;178;131.1;0.79
114.8;522.7;64.5;0.79
323.4;418.4;108;0.79
270.3;208.1;84.5;0.79
278;178;97.1;0.79
240.4;373;120;0.79
239.7;312.8;48;0.79
240.4;283;72;0.79
180.4;613;95.8;0.79
180.5;373;96;0.79
120.7;87.8;119.9;0.79
238;645.8;102.4;0.79
374.9;102.9;85;0.79
200.2;342.9;14.7;0.79
390.2;148.1;96.2;0.78
278;178;13.1;0.78
244.1;642.9;118.9;0.78
138.4;339.9;81.2;0.78
380.5;102.9;120.6;0.78
323.3;358.7;12;0.78
270.4;328;72;0.78
270;298;15;0.78
207.3;573.2;107.8;0.78
210;238;36;0.78
361.1;283.1;84;0.78
300.4;163;96;0.78
306;309.3;80.5;0.78
120.5;613;114.5;0.78
233.6;646.2;113.6;0.78
171.7;323;10.3;0.78
81.2;642.8;131.3;0.78
388;118.4;60.7;0.77
153.6;281.9;87.1;0.77
129.1;72.1;66.1;0.77
239.9;79.5;73.4;0.77
259.8;643.6;46.5;0.77
255.7;283;50.9;0.77
109.1;522.4;56.2;0.77
136.6;458.1;100.6;0.77
205.5;328.9;24;0.77
150.4;358;132.1;0.77
150.4;343;23.9;0.77
150.3;303.2;60.3;0.77
150;238;36;0.77
179.9;313;84;0.77
179.9;313.4;84;0.77
180.4;343.1;71.8;0.77
184.1;90.7;84.6;0.77
120.4;73;132;0.77
210.4;358;59.3;0.77
270.7;402.5;133.2;0.77
120.5;613;121;0.77
127.7;641.9;92.1;0.77
181.4;583.7;133;0.77
120.4;373;65;0.77
309.2;493.3;77.5;0.76
150.3;58.3;48.4;0.76
198.3;52.5;7.3;0.76
405.2;110.9;81.7;0.76
116.6;106.8;27.5;0.76
162.1;642.3;125.5;0.76
117.2;72.7;86.9;0.76
227.2;403.2;60.9;0.76
288.2;280.2;17.6;0.76
325.3;388.3;36;0.76
150.2;178.1;72.2;0.76
300.2;313.2;84;0.76
180.2;312.5;72.1;0.76
120.7;87.8;107.9;0.76
142.3;163.6;37.2;0.76
120.5;223.3;98;0.76
120.4;253;133;0.76
120.4;283;84.5;0.76
390.2;148.1;108.2;0.75
360.3;523.1;36;0.75
360.8;463.6;96;0.75
371.7;202.7;70;0.75
141.4;289.6;93.4;0.75
180.4;283;35;0.75
183.5;403.4;16.8;0.75
272;281.3;131.9;0.75
240.5;342.8;36.1;0.75
298;284.3;62.2;0.75
210.4;553;132.1;0.75
205;388;36;0.75
205.5;328.9;36;0.75
210.5;132.9;84.2;0.75
150.3;303.2;72.3;0.75
150.3;303.2;84.3;0.75
301.2;374.1;36;0.75
180.4;492.9;48.1;0.75
184.1;90.7;72.6;0.75
120.4;283;72.5;0.75
82;393.4;120;0.75
120.4;373;56.5;0.75
120.5;223.3;122;0.75
120.4;163;129.2;0.75
271;157.9;73.6;0.74
318;520.4;91.3;0.74
270.5;568.8;108;0.74
207.1;64.2;120.9;0.74
181.6;282.4;61.9;0.74
263.5;281.1;123.4;0.74
161.4;456.2;72.2;0.74
238.1;280.7;98;0.74
270;358;104;0.74
210;418;24;0.74
210;418;60;0.74
205.5;328.9;48;0.74
150.4;268;84;0.74
180.2;312.5;60.1;0.74
358;202.4;89.7;0.74
144;458.2;108;0.74
108.3;107.1;50;0.74
207.1;64.2;132.9;0.74
89.4;585.7;88.4;0.74
279.5;582.9;111.6;0.73
300.4;523;119.7;0.73
395.3;207.8;83.3;0.73
235.6;403.2;38.4;0.73
140.7;582.1;24.6;0.73
210.4;253;72;0.73
150.4;508;132;0.73
360.7;223.4;84;0.73
300.2;342.9;39;0.73
302.2;282.2;84;0.73
120.4;553;108;0.73
108.6;282.7;84;0.73
98.7;544.2;135.2;0.73
120.4;253;109;0.73
425.6;402.2;96.2;0.72
279.4;162;28.4;0.72
329.5;328.3;132;0.72
330.4;268;131.7;0.72
270.7;177.6;84.3;0.72
210.5;268;72;0.72
150.4;358;108.1;0.72
150;358;60;0.72
300.2;342.9;108;0.72
300.4;163;132;0.72
120.4;73;108;0.72
239.9;79.5;97.4;0.72
239.9;79.5;109.4;0.72
92.4;523.7;48.7;0.72
92.4;523.7;36.7;0.72
120.4;283;108.5;0.72
262.5;582.8;94.6;0.71
193.8;52.5;18.4;0.71
325.8;567.2;67.1;0.71
270;298;27;0.71
268.3;238.2;11;0.71
240.4;313;71.1;0.71
171.7;323;70.3;0.71
330.6;418.2;108.1;0.71
255.7;147.9;60.3;0.71
152.3;88;108;0.71
152.3;88.2;108;0.71
240.4;553;95.8;0.71
120.7;87.8;83.9;0.71
120.5;613;133;0.71
265.9;282.8;29.2;0.71
75.6;471.8;96;0.71
90.4;448;132;0.71
92.4;523.7;96.7;0.71
210.4;88;119.4;0.71
90;178;96;0.71
109.7;313.2;96;0.71
100.6;545.2;123.4;0.71
323;478;39.8;0.71
396.8;110.7;73.1;0.71
270.5;538;118.8;0.71
209.3;88;84;0.71
300.4;523;95.7;0.71
270.4;418;132;0.71
270;358;20;0.71
210.5;448;83.5;0.71
210.4;253;84;0.71
360.7;223.4;72;0.71
240.4;283;120;0.71
210.4;328;71.1;0.71
90.6;357.5;60.1;0.71
58.8;641.2;25.2;0.71
100.6;522.4;47.8;0.71
90;58;96;0.71
443.8;451.5;47.7;0.69
300.6;612.7;120;0.69
357.1;493.5;66;0.69
262.5;162.6;45.4;0.69
141.5;582.4;48.6;0.69
278;178;73.1;0.69
117.7;522.4;64.6;0.69
296;314.8;133;0.69
323.3;358.7;96;0.69
270.7;177.6;132.3;0.69
210.5;132.9;60.2;0.69
150;208;72;0.69
240.5;613;108;0.69
240.4;403;120;0.69
240.4;283;48;0.69
287.8;161.7;19.8;0.69
81.8;522.7;115.7;0.69
104.2;107.3;61.2;0.69
109.7;313.2;108;0.69
388;118.4;132.7;0.68
150.3;58.3;60.4;0.68
357.1;493.5;90;0.68
251.9;642.8;128.1;0.68
210.4;358;71.3;0.68
205.5;328.9;60;0.68
210;238;72;0.68
209.3;88;96;0.68
209.3;88;108;0.68
209.3;85.9;108;0.68
150;358;72;0.68
150.8;132.9;71.8;0.68
152.3;88;84;0.68
152.3;88.2;84;0.68
300.1;403;120;0.68
240.4;253;72;0.68
240.4;253;84;0.68
189.3;52.5;29.5;0.68
90.6;357.5;108.1;0.68
60.4;433;132;0.68
94.1;447.8;108;0.68
53;588.6;96;0.68
60;223;83;0.68
209.8;633;6.9;0.67
270.5;538;94.8;0.67
209.3;85.9;84;0.67
150.3;58.3;72.4;0.67
210.4;328;131.1;0.67
181.4;583.7;121;0.67
269.5;610;132;0.67
270.7;177.6;72.3;0.67
207.3;573.2;119.8;0.67
210;238;24;0.67
150.3;58.3;96.4;0.67
296;314.8;126;0.67
239.7;312.8;72;0.67
270.4;388;11.1;0.67
210.4;88;107.4;0.67
63.9;468.8;22.2;0.67
102.5;342.1;135.4;0.67
97.8;585.6;97;0.67
209.3;69.3;123.1;0.67
108.6;282.7;36;0.67
108.6;282.7;60;0.67
413.5;404.2;53;0.66
416.2;344;96.4;0.66
276.7;151.9;65;0.66
147.1;71.2;34.9;0.66
426.7;452.7;30.9;0.66
278;178;85.1;0.66
180.4;283;71;0.66
210.4;358;35.3;0.66
337.4;202.1;119.2;0.66
214.1;282.6;73.4;0.66
357.2;283.8;121.8;0.66
209.2;418;24.2;0.66
209.3;85.9;96;0.66
150;238;12;0.66
300.2;342.9;96;0.66
288.7;225.7;120;0.66
178.7;167.2;47;0.66
245.3;402.5;107.8;0.66
309.2;493.3;41.5;0.65
360.3;523.1;108;0.65
360.8;463.6;60;0.65
262.2;402.5;124.7;0.65
395.3;207.8;131.3;0.65
111.2;73.2;97.2;0.65
173.3;282.9;84.4;0.65
300.2;313.2;96;0.65
240.4;313;64.6;0.65
205.9;633.3;18.3;0.65
60;223;47;0.65
60.1;102.9;131.5;0.65
120.4;283;120.5;0.65
306.5;522.4;51.1;0.64
246.8;645;80.1;0.64
395.3;207.8;119.3;0.64
330.6;201.9;129.1;0.64
185.4;283.4;27.1;0.64
270.4;388;23.1;0.64
210.4;328;132;0.64
150.4;56.9;132;0.64
240.4;403;83.1;0.64
171.1;163.6;51.4;0.64
56.8;469;29.2;0.64
209.3;88;36;0.64
209.3;85.9;36;0.64
84.6;641.5;50.3;0.64
309.2;493.3;89.5;0.63
435.2;452.1;39.3;0.63
360.3;523.1;12;0.63
307;553.4;106;0.63
180.4;283;23;0.63
210.4;358;23.3;0.63
348.7;283.9;113.3;0.63
270.4;418;108;0.63
217;268;24;0.63
360.6;343.4;120;0.63
300.1;403;108;0.63
300.2;313.2;36;0.63
180;373;60;0.63
229.2;646.6;124.7;0.63
136.6;281.9;70.1;0.63
86.4;342.3;21.2;0.63
92.4;523.7;84.7;0.63
92.1;522.3;39.3;0.63
120.4;433;132;0.63
120.5;223.3;134;0.63
102.8;278.1;39.3;0.63
270.8;148.1;72.2;0.62
415.3;163.4;119.8;0.62
240.6;643;12;0.62
325.8;567.2;74.1;0.62
163.2;52.2;96.6;0.62
171.7;323;58.3;0.62
325.3;388.3;48;0.62
296.4;161.3;11.4;0.62
361.1;283.1;132;0.62
301.2;374.1;24;0.62
152.5;458.4;116.5;0.62
378.6;102.9;108.7;0.62
130.2;167.2;88.7;0.62
210.4;358;11.3;0.62
90.6;357.5;48.1;0.62
92.4;523.7;60.7;0.62
75.6;471.8;72;0.62
75.6;471.8;120;0.62
74.7;403.3;35.5;0.62
90.4;583;132;0.62
60;223;11;0.62
64.2;642.7;114.4;0.62
94.1;342.4;30.4;0.62
120.4;193;120;0.62
309.2;493.3;101.5;0.61
222.4;282.3;50.9;0.61
177.5;282.6;73.1;0.61
362.8;103;14;0.61
325.3;388.3;24;0.61
330.4;298;135.7;0.61
271;162.4;36.9;0.61
217;268;48;0.61
150;568;108;0.61
288.7;225.7;96;0.61
240.6;643;48;0.61
240.5;613;120;0.61
125.4;582.2;96;0.61
120.5;102.8;132;0.61
143.5;583.5;120.5;0.61
110.5;641.7;75.4;0.61
261.3;280.9;41.5;0.61
90.4;522.8;124.2;0.61
411.9;344.5;48.6;0.61
269.4;567.9;96;0.61
309.2;493.3;29.5;0.61
240.6;643;108;0.61
376.7;102.9;96.9;0.61
420.4;222.9;72.3;0.61
325.3;388.3;108;0.61
210;238;12;0.61
150;358;12;0.61
360.6;343.4;132;0.61
240.6;193.6;36;0.61
180.4;283;11;0.61
180;73;120;0.61
85;401.3;86.9;0.61
73.5;403.3;47.4;0.61
90.4;448;120;0.61
60;223;35;0.61
388;118.4;120.7;0.59
209.3;88;24;0.59
360.8;463.6;12;0.59
323.4;284.1;87.8;0.59
153.5;94.7;132;0.59
360.7;223.4;132;0.59
300.7;643.4;108;0.59
240.5;613;132;0.59
180;373;24;0.59
220.2;582.5;52.1;0.59
151.3;85.7;72.8;0.59
142.5;583.1;84.5;0.59
243;578.6;108;0.59
93.5;342;127.5;0.59
72.7;106.2;91.3;0.59
92.4;523.7;108.7;0.59
97.5;339.2;40.1;0.59
432.9;345.2;11.2;0.59
93.2;641.6;58.7;0.58
288.7;225.7;12;0.58
179.9;313;24;0.58
179.9;313;72;0.58
179.9;313.4;24;0.58
179.9;313.4;72;0.58
120.4;553;132;0.58
365.7;283.8;130.3;0.58
314.9;284.1;79.2;0.58
67.8;403.4;107.2;0.58
60.4;433;120;0.58
110.9;276.7;16.8;0.58
287.9;582.9;120.1;0.57
388;118.4;96.7;0.57
209.3;85.9;24;0.57
360.8;463.6;24;0.57
318.9;522.8;17.3;0.57
171.9;52.3;74.2;0.57
181.4;583.7;109;0.57
209.9;282.8;84.7;0.57
205;388;12;0.57
149.8;481.2;72;0.57
94.1;447.8;72;0.57
90;58;108;0.57
309.2;493.3;65.5;0.56
298.2;522.6;73.6;0.56
413;344.4;60.5;0.56
425.6;402.2;84.2;0.56
270.5;538;83.3;0.56
418.3;343.7;120.3;0.56
191;283.3;37.7;0.56
207.3;573.2;131.8;0.56
181.4;583.7;102.5;0.56
228.6;643;100.6;0.56
66.4;522.2;14.1;0.56
90.6;357.5;36.1;0.56
94.1;447.8;96;0.56
120.5;463;119.7;0.56
417.3;343.9;108.3;0.55
302.4;522.5;62.3;0.55
309.2;493.3;17.5;0.55
242.4;645.4;91.2;0.55
378.5;563;64.9;0.55
343.5;520.7;116.7;0.55
169.5;636.7;119.9;0.55
222.8;648.9;98.6;0.55
183.5;581;101;0.55
128.1;281.9;61.6;0.55
204.6;343.4;54.7;0.55
270.4;208;132;0.55
150;568;120;0.55
150.4;268;96;0.55
240.4;553;83.8;0.55
94.9;523.4;121.1;0.55
116.9;284.8;118;0.55
72.4;210.4;19.7;0.55
90;88;84;0.55
282.5;145.9;56.3;0.54
335;520.6;108.2;0.54
180;73;96;0.54
180;73;108;0.54
184.9;52.5;40.7;0.54
323;478;51.8;0.54
119.1;641.8;83.7;0.54
308.8;218.3;26;0.54
127;282.1;75.7;0.54
213.1;643.2;82.3;0.54
270.3;208.2;36.2;0.54
325.3;388.3;96;0.54
324;239;132;0.54
210.4;328;59.6;0.54
356.6;406.8;84;0.54
240.6;193.6;24;0.54
53;588.6;132;0.54
83.4;585.8;82.4;0.54
92.4;523.7;72.7;0.54
90.4;207.9;95.7;0.54
90;178;84;0.54
424.8;403.1;111.9;0.53
390.4;418;132;0.53
360.3;523.1;96;0.53
239.9;79.5;85.4;0.53
292.7;284.3;56.9;0.53
150;598;108;0.53
300.7;643.4;120;0.53
120.5;102.8;120;0.53
72.3;403.4;59.4;0.53
90.1;297.3;120.1;0.53
75.6;471.8;84;0.53
314.7;579.4;70.2;0.52
326.5;520.5;99.7;0.52
211.7;582.5;43.6;0.52
252.6;282.3;49.6;0.52
217;268;72;0.52
155.7;118;12;0.52
152.3;88;48;0.52
152.3;88.2;48;0.52
302.2;282.2;96;0.52
180.4;613;131.8;0.52
194.8;582.4;26.5;0.52
151;643.8;9.1;0.52
68.9;403.4;95.2;0.52
90.6;357.5;96.1;0.52
90.6;357.5;132.1;0.52
114.6;228.2;125.5;0.52
357.1;493.5;57;0.51
444.9;268.3;121.2;0.51
209.2;418;12.2;0.51
205;388;60;0.51
205.5;328.9;12;0.51
150;238;24;0.51
240.6;643;120;0.51
180.4;253;95.6;0.51
55.6;642.7;106;0.51
106.1;228.3;117;0.51
120.4;163;94.7;0.51
124.6;284.7;127.2;0.51
280.5;578.4;36.5;0.51
307;553.4;94;0.51
420.4;222.9;108.3;0.51
420.3;403.5;88.3;0.51
357.1;493.5;102;0.51
101.8;641.6;67;0.51
143.2;583.4;108.5;0.51
198.1;281.5;16.8;0.51
142.2;582.8;72.6;0.51
270.3;208.1;132.5;0.51
207.3;573.2;95.8;0.51
210;418;12;0.51
150.4;418;11.9;0.51
150.2;147.6;48.1;0.51
300.7;643.4;72;0.51
134.2;285.8;84.5;0.51
107.2;105.6;124.6;0.51
224.9;647;135.9;0.51
75.6;471.8;48;0.51
71.4;457;127.6;0.51
75.6;471.8;108;0.51
53;588.6;108;0.51
90.5;193;132;0.51
289;578.6;44.9;0.49
270.5;538;106.8;0.49
360.5;520.9;133.6;0.49
420.4;222.9;132.3;0.49
360.3;523.1;60;0.49
149.5;580.5;67.1;0.49
166.5;580.7;84.1;0.49
179.7;283.5;16.5;0.49
173.6;636.3;108.6;0.49
131.5;585.2;131.2;0.49
205;388;24;0.49
288.7;225.7;132;0.49
179.9;313;36;0.49
179.9;313.4;36;0.49
170.8;642.4;133.8;0.49
56.7;434.4;113;0.49
90.6;417.9;120;0.49
57.8;348;132;0.49
254.1;582.7;86.1;0.48
415.1;344.1;84.4;0.48
120.8;106.6;16.2;0.48
360.8;463.6;72;0.48
136.3;642;100.4;0.48
150.4;268;72;0.48
356.6;406.8;132;0.48
300.7;643.4;84;0.48
125.4;582.2;132;0.48
120.7;87.8;71.9;0.48
120.4;133;48;0.48
78.7;342.1;12;0.48
89.6;400.7;75.8;0.48
90;118;120;0.48
56.7;434.4;101;0.48
60.4;373;132;0.48
94.1;447.8;120;0.48
101.6;115.7;132;0.48
441.6;345.2;19.5;0.48
180.5;52.4;51.9;0.47
418;403.7;76.6;0.47
425.6;402.2;108.2;0.47
240.6;643;96;0.47
385.1;88;61;0.47
414;344.3;72.5;0.47
307;553.4;82;0.47
271.2;282.6;18.4;0.47
202;633.7;29.6;0.47
153.5;642.2;117.1;0.47
240.6;643;36;0.47
95.1;342.9;120;0.47
90.5;268;120;0.47
75;522.2;22.5;0.47
80.5;401.8;98;0.47
330.8;447.9;122;0.47
207.1;64.2;96.9;0.46
222.8;641.1;107.7;0.46
304.4;218.1;14.8;0.46
251.1;644.5;68.9;0.46
212.5;343.4;62.4;0.46
270.3;208.2;48.2;0.46
217;268;36;0.46
240.6;643;132;0.46
120.4;133;36;0.46
106.2;585.5;105.5;0.46
108.6;282.7;108;0.46
98.9;522.8;132.6;0.46
120.4;283;96.5;0.46
323.6;545;120;0.45
360.3;523.1;72;0.45
220.8;643.1;91.4;0.45
204.8;280.2;64.7;0.45
270.2;268.4;12.3;0.45
152.3;88;60;0.45
152.3;88.2;60;0.45
356.6;406.8;108;0.45
288.7;225.7;84;0.45
240.6;643;72;0.45
120.4;73;96;0.45
99.4;401.7;61.9;0.45
409.7;453.9;14;0.44
207.5;85.4;90.9;0.44
283.9;520.1;57.4;0.44
314.8;522.6;28.5;0.44
269.4;567.9;84;0.44
429.2;402.8;135.5;0.44
144.9;642.1;108.8;0.44
212.6;280.3;72.5;0.44
203.3;582.4;35.1;0.44
330.4;298;123.7;0.44
150.4;358;72.1;0.44
243;578.6;96;0.44
70;403.4;83.3;0.44
90.4;148.1;119.2;0.44
55.7;210;36.9;0.44
90;58;120;0.44
90;118;96;0.44
120.4;313;108;0.44
449;345.2;26.4;0.44
418.2;453.3;22.5;0.43
159.2;69.6;14.2;0.43
360.8;463.6;120;0.43
180;73;72;0.43
194;281.8;28.1;0.43
177.9;582.3;9.5;0.43
239.7;312.8;12;0.43
125.4;582.2;84;0.43
120.4;133;60;0.43
77.1;403.3;11.6;0.43
90.6;417.9;108;0.43
105.4;283;132;0.43
109.7;313.2;120;0.43
56.7;434.4;92.5;0.43
123.1;228.1;133.9;0.43
309.2;493.3;53.5;0.42
389.2;570.3;85.1;0.42
331.7;579.9;87;0.42
357.2;548.3;24.5;0.42
405.2;581.3;115.4;0.42
360.3;523.1;48;0.42
360.3;523.1;84;0.42
360.8;463.6;108;0.42
307;553.4;10;0.42
239.9;79.5;121.4;0.42
285.8;522.9;107.4;0.42
151.3;85.7;60.8;0.42
150;598;120;0.42
300.2;313.2;48;0.42
239.9;79.5;133.4;0.42
123.1;585.3;122.6;0.42
208.1;80;101.6;0.42
151.3;85.7;84.8;0.42
94.1;447.8;84;0.42
90.6;357.5;84.1;0.42
90.1;297.3;132.1;0.42
90.4;148.1;131.2;0.42
53;588.6;120;0.42
120.5;223.3;74;0.42
90.5;193;120;0.42
90;178;120;0.42
120.4;313;132;0.42
340.3;580.2;95.5;0.41
399.8;577.6;105.3;0.41
272.6;642;12.9;0.41
177.7;636;97.3;0.41
356.6;406.8;96;0.41
179.7;76.4;132;0.41
186.6;492.7;132;0.41
140.3;581.9;12.6;0.41
142.9;583.2;96.5;0.41
54.4;456.3;110.7;0.41
90.5;133;119.5;0.41
60;223;119;0.41
56.7;434.4;125;0.41
93.8;187.9;132;0.41
94.7;279.4;61.9;0.41
83.5;522.3;30.9;0.41
289.9;522.8;96.1;0.41
373.2;559.3;54.8;0.41
272;578.1;28;0.41
374.4;581.2;129.2;0.41
351.8;544.6;14.4;0.41
360.8;463.6;36;0.41
300.2;583;96;0.41
240.6;643;24;0.41
444.9;268.3;109.2;0.41
166.5;643.6;27.4;0.41
151.3;85.7;54.3;0.41
141.1;71.6;45.3;0.41
50.2;641.1;16.9;0.41
330.8;447.9;115;0.41
90.4;207.9;71.7;0.41
176.2;52.4;63.1;0.39
444.9;268.3;102.7;0.39
348.8;580.4;103.9;0.39
114.7;585.4;114.1;0.39
125.4;582.2;72;0.39
71.1;403.4;71.3;0.39
90.6;417.9;132;0.39
90.6;357.5;120.1;0.39
90.5;268;132;0.39
73.3;522.6;107.3;0.39
92.6;228.6;103.6;0.39
90.4;148.1;71.7;0.39
92.4;523.7;120.7;0.39
90.5;133;131;0.39
357.1;493.5;126;0.38
245.6;582.7;77.6;0.38
269.4;567.9;72;0.38
360.3;523.1;120;0.38
360.3;523.1;132;0.38
271;582.8;103.1;0.38
415.7;404;64.8;0.38
270.2;268.4;48.3;0.38
120.7;87.8;95.9;0.38
120.4;73;120;0.38
205.3;643.3;73.1;0.38
60.4;373;120;0.38
67.3;522.6;101.3;0.38
98.7;278.7;50.6;0.38
97.5;228.5;108.6;0.38
98.8;163.1;118.9;0.38
210.3;58.1;132;0.38
309.5;520.3;82.8;0.37
310.7;522.5;39.8;0.37
360.3;523.1;24;0.37
300.2;583;88;0.37
264.1;643.1;35.3;0.37
152.3;88;12;0.37
152.3;88.2;12;0.37
300.7;643.4;132;0.37
180.4;613;119.8;0.37
90.4;148.1;107.2;0.37
60.4;73;132.4;0.37
243;578.6;60;0.36
385.1;88;73;0.36
307;553.4;58;0.36
385.1;88;133;0.36
294.1;522.7;84.8;0.36
140;161.2;6.2;0.36
222.7;633.3;116.8;0.36
158;580.6;75.6;0.36
125.4;582.2;120;0.36
57.8;348;120;0.36
66.7;403.5;119.1;0.36
207.1;64.2;108.9;0.35
325.8;567.2;110.1;0.35
323.1;522.9;6;0.35
383.8;566.6;75;0.35
357.3;580.7;112.3;0.35
292.4;520.2;65.9;0.35
209.3;85.9;72;0.35
307;553.4;70;0.35
330.4;298;115.7;0.35
175;580.9;92.6;0.35
62.9;456.7;119.2;0.35
60;223;59;0.35
90.4;238;111.1;0.35
307.8;560.7;108;0.34
307;553.4;46;0.34
427;402.9;123.7;0.34
325.8;567.2;122.1;0.34
394.5;574;95.2;0.34
243;578.6;48;0.34
237.1;582.6;69.1;0.34
243;578.6;84;0.34
222.6;617.8;135.1;0.34
269.5;610;120;0.34
182;643.5;45.7;0.34
82.5;281.4;95.7;0.34
90.5;268;96;0.34
120.4;313;96;0.34
323.2;579.7;78.6;0.33
207.1;88.7;84.2;0.33
181.8;635.6;86.1;0.33
420.8;523.3;132.1;0.33
352;520.8;125.1;0.33
255.5;644.1;57.7;0.33
115.9;105.5;133;0.33
52.2;166;114.5;0.33
111.5;284.9;111.5;0.33
60.8;165.9;122.9;0.33
65.6;403.5;131.1;0.33
75.9;403.3;23.6;0.33
53;588.6;84;0.33
94.5;401.6;56.9;0.33
209.3;88;72;0.33
209.3;85.9;48;0.33
120.4;313;120;0.33
300.2;583;120;0.32
153.2;70.4;24.6;0.32
174.3;643.6;36.5;0.32
158.8;643.7;18.2;0.32
90.4;207.9;131.7;0.32
60.4;133;132.2;0.32
209.3;88;48;0.32
90.4;207.9;83.7;0.32
307;553.4;22;0.31
362.5;552;34.6;0.31
189.8;643.4;54.8;0.31
333.7;600.7;132;0.31
359.3;550.8;131;0.31
367.8;555.6;44.7;0.31
365.9;580.9;120.8;0.31
240.6;643;60;0.31
81.3;106;99.7;0.31
76;402.2;109.1;0.31
60.4;403;132;0.31
60.2;162.7;131;0.31
297.6;578.9;53.3;0.31
425.6;402.2;120.2;0.31
357.1;493.5;114;0.31
165.4;637.1;131.2;0.31
239.7;312.8;36;0.31
90.4;148.1;95.2;0.31
103.6;291.2;120;0.31
60.4;373;108;0.31
185.9;635.2;74.8;0.29
189.9;634.8;63.5;0.29
425.6;402.2;60.2;0.29
300.2;583;108;0.29
300.7;643.4;60;0.29
103.6;291.2;108;0.29
105.4;283;108;0.29
60;223;131;0.29
80.8;210.5;11.1;0.29
60;223;71;0.29
263.4;577.8;19.6;0.28
300.9;520.3;74.3;0.28
410.5;585;125.5;0.28
425.6;402.2;132.2;0.28
243;578.6;72;0.28
198.1;634;40.9;0.28
120.7;87.8;131.9;0.28
98;267.3;40.4;0.28
85.2;342;120.3;0.28
95.1;342.9;132;0.28
108.6;282.7;120;0.28
86.6;280.7;84.4;0.28
90.8;263.6;31.6;0.28
90;178;108;0.28
90.4;238;123.1;0.28
268.3;642.5;24.1;0.27
385.1;88;121;0.27
71.5;402.6;120.3;0.27
103.6;291.2;132;0.27
90.4;148.1;83.2;0.27
105.3;271;49.2;0.27
307;553.4;34;0.26
412.5;111.2;89.3;0.26
300.7;643.4;12;0.26
69.5;165.8;131.2;0.26
60.4;403;120;0.26
209.3;88;60;0.26
209.3;85.9;60;0.26
254.9;577.6;11.2;0.25
425.6;402.2;72.2;0.25
125.4;582.2;108;0.25
90.1;297.3;108.1;0.25
105.4;283;120;0.25
60.4;133;120.2;0.25
67.1;403;131.4;0.25
325.8;567.2;98.1;0.24
420.8;523.3;120.1;0.24
323.6;545;108;0.24
194;634.4;52.2;0.24
150;598;132;0.24
60;223;107;0.24
60.2;162.7;119.5;0.24
53;588.6;72;0.24
90;178;72;0.24
90;118;108;0.24
90.4;238;135.1;0.23
90.4;238;99.1;0.23
300.7;643.4;48;0.22
385.1;88;85;0.22
78.5;282.1;107;0.22
90.6;357.5;72.1;0.22
60;223;95;0.22
90.6;280.1;73.1;0.22
444.9;268.3;133.2;0.21
222.7;625.6;126;0.21
90.1;297.3;96.1;0.21
90.5;268;108;0.21
83.6;259.9;22.7;0.2
325.8;567.2;86.1;0.19
306.1;579.1;61.8;0.19
385.1;88;109;0.19
300.7;643.4;24;0.19
90.4;207.9;107.7;0.19
90.4;238;79.6;0.18
90.4;238;87.1;0.18
90.4;207.9;119.7;0.18
74.4;282.7;118.2;0.17
197.5;643.3;64;0.16
78.1;257.1;16.1;0.14
385.1;88;97;0.13
300.7;643.4;36;0.13
243;578.6;39;0.12