pillar_id;area;heterogeneidad_geologica;calidad_roca;tiempo_solicitacion;altura_extraida;densidad_energia_sismica;resistencia_traccion;modulo_general_deformacion
NS_01;286.5643;Baja;Calidad muy mala;24;264;115.0474057;0.2285;14.692
NS_02;286.5643;Muy alta;Calidad muy mala;24;262;126.9043371;0.184;13.13
NS_03;286.5643;Baja;Calidad muy mala;24.33333333;261;145.3970001;0.184;13.13
NS_04;286.5643;Baja;Calidad muy mala;25.66666667;260;144.1724518;0.24175;15.0385
NS_05;286.5643;Baja;Calidad mala;26;259;125.1688039;0.289;16.6
NS_06;286.5643;Media;Calidad muy mala;26;259;106.2148966;0.27325;16.0795
NS_07;285.8573;Baja;Calidad muy mala;26;260;95.73137073;0.184;13.13
NS_08;287.7233;Baja;Calidad muy mala;26;261;83.43498403;0.184;13.13
NS_09;286.9684;Baja;Calidad muy mala;26;262;66.14341956;0.184;13.13
NS_10;285.655;Baja;Calidad muy mala;26;264;56.64518807;0.184;13.13
NS_11;248.9047;Baja;Calidad muy mala;24;266;109.5242477;0.25692;15.7532
NS_12;286.5643;Media;Calidad muy mala;1;264;121.3049783;0.184;13.13
NS_13;248.9047;Media;Calidad muy mala;1.333333333;263;134.8448929;0.184;13.13
NS_14;286.5643;Baja;Calidad muy mala;2.333333333;262;140.9869687;0.2365;14.865
NS_15;248.9047;Media;Calidad mala;2.666666667;260;120.6570193;0.289;16.6
NS_16;286.5643;Media;Calidad muy mala;2.333333333;260;103.2430136;0.26275;15.7325
NS_17;248.9047;Baja;Calidad muy mala;2;261;96.88430221;0.184;13.13
NS_18;287.7015;Baja;Calidad muy mala;2;263;106.1576397;0.184;13.13
NS_19;248.9047;Baja;Calidad muy mala;26;264;66.988398;0.184;13.13
NS_20;285.7422;Baja;Calidad muy mala;26;264;56.35147433;0.184;13.13
NS_21;248.9047;Baja;Calidad muy mala;25.66666667;267;49.40144665;0.184;13.13
NS_22;286.5643;Media;Calidad mala;24;267;111.2623376;0.266;16.058
NS_23;286.5643;Alta;Calidad muy mala;1;266;114.900987;0.19498;13.5512
NS_24;286.5643;Alta;Calidad muy mala;1.333333333;265;124.4768821;0.184;13.13
NS_25;286.5643;Media;Calidad muy mala;2.666666667;264;132.9732729;0.25225;15.3855
NS_26;286.5643;Media;Calidad mala;2.666666667;263;116.9104232;0.289;16.6
NS_27;286.5643;Media;Calidad muy mala;2.666666667;262;98.3388741;0.19975;13.6505
NS_28;286.5643;Baja;Calidad muy mala;2.333333333;263;91.68509327;0.184;13.13
NS_29;286.5643;Baja;Calidad muy mala;2;265;494.7816273;0.184;13.13
NS_30;286.5643;Baja;Calidad muy mala;2;267;69.22437946;0.184;13.13
NS_31;286.5643;Baja;Calidad muy mala;26;267;56.137611;0.184;13.13
NS_32;286.5643;Baja;Calidad muy mala;25.66666667;266;49.41686555;0.184;13.13
NS_33;286.5643;Baja;Calidad mala;23.66666667;269;88.03793387;0.25868;15.8408
NS_34;286.5643;Alta;Calidad muy mala;1.333333333;268;105.5666204;0.21705;14.3398
NS_35;286.5643;Media;Calidad muy mala;1.333333333;267;113.7809674;0.184;13.13
NS_36;286.5643;Media;Calidad muy mala;2.333333333;266;120.0790473;0.25435;15.4549
NS_37;286.5643;Media;Calidad mala;2.666666667;264;116.4376026;0.289;16.6
NS_38;286.5643;Baja;Calidad muy mala;3.333333333;264;94.41359813;0.184;13.13
NS_39;286.5643;Baja;Calidad muy mala;3.333333333;264;84.91361651;0.184;13.13
NS_40;286.5643;Baja;Calidad muy mala;3.333333333;266;143.2830121;0.184;13.13
NS_41;286.5643;Baja;Calidad muy mala;3.333333333;269;71.58614634;0.184;13.13
NS_42;286.5643;Baja;Calidad muy mala;3.333333333;271;55.85331585;0.184;13.13
NS_43;286.5643;Baja;Calidad muy mala;25.66666667;269;49.3311772;0.184;13.13
NS_44;286.5643;Baja;Calidad mala;23.66666667;270;77.85187028;0.25028;15.6056
NS_45;286.5643;Media;Calidad muy mala;1;269;94.9982478;0.268;15.906
NS_46;286.5643;Baja;Calidad muy mala;1.333333333;268;104.0508722;0.184;13.13
NS_47;286.5643;Alta;Calidad muy mala;1.666666667;267;108.3155933;0.24175;15.0385
NS_48;286.5643;Media;Calidad mala;3;266;104.6045685;0.28375;16.4265
NS_49;286.5643;Baja;Calidad muy mala;3;265;90.30396466;0.184;13.13
NS_50;286.5643;Baja;Calidad muy mala;3.333333333;266;79.65071847;0.184;13.13
NS_51;286.5643;Baja;Calidad muy mala;3.333333333;268;81.74639715;0.184;13.13
NS_52;286.5643;Baja;Calidad muy mala;3.333333333;271;69.53048416;0.184;13.13
NS_53;286.5643;Baja;Calidad muy mala;3.333333333;275;55.31934495;0.184;13.13
NS_54;286.5643;Baja;Calidad muy mala;25.66666667;273;49.05267054;0.184;13.13
NS_55;286.5643;Baja;Calidad muy mala;23.33333333;271;69.87420456;0.245;15.47
NS_56;286.5643;Baja;Calidad muy mala;1.333333333;270;83.9607077;0.24317;15.3998
NS_57;286.5643;Alta;Calidad muy mala;1.333333333;269;95.66437537;0.184;13.13
NS_58;286.5643;Muy alta;Calidad muy mala;1.666666667;268;97.91870732;0.1945;13.477
NS_59;286.5643;Media;Calidad muy mala;2;267;95.65927824;0.27325;16.0795
NS_60;286.5643;Baja;Calidad muy mala;3.333333333;266;85.59479558;0.184;13.13
NS_61;286.5643;Baja;Calidad muy mala;3.333333333;267;75.52144392;0.184;13.13
NS_62;286.5643;Baja;Calidad muy mala;3.666666667;268;70.40080571;0.184;13.13
NS_63;286.5643;Baja;Calidad muy mala;3.333333333;272;64.31151096;0.184;13.13
NS_64;286.5643;Baja;Calidad muy mala;3.666666667;278;54.41018599;0.184;13.13
NS_65;286.5643;Baja;Calidad muy mala;25.66666667;278;48.57948282;0.184;13.13
NS_66;248.9047;Media;Calidad mala;23.33333333;273;63.23541508;0.28;16.45
NS_67;286.5643;Baja;Calidad mala;23.33333333;271;74.16204951;0.2492;15.5876
NS_68;248.9047;Baja;Calidad muy mala;1.333333333;270;85.24678579;0.19552;13.5284
NS_69;286.5643;Alta;Calidad muy mala;1.666666667;269;88.31887014;0.184;13.13
NS_70;248.9047;Baja;Calidad muy mala;1.666666667;268;88.52868444;0.184;13.13
NS_71;286.5643;Baja;Calidad muy mala;2;267;80.43481829;0.184;13.13
NS_72;248.9047;Baja;Calidad muy mala;3.333333333;268;71.88510415;0.184;13.13
NS_73;286.5643;Baja;Calidad muy mala;3.333333333;269;65.60212531;0.184;13.13
NS_74;248.9047;Baja;Calidad muy mala;3.666666667;273;60.03071672;0.184;13.13
NS_75;286.5643;Baja;Calidad muy mala;3.666666667;279;53.18414365;0.184;13.13
NS_76;248.9047;Baja;Calidad muy mala;25.66666667;282;48.00879978;0.184;13.13
NS_77;286.5643;Media;Calidad muy mala;23.33333333;272;66.4972966;0.245;15.47
NS_78;286.5643;Baja;Calidad muy mala;1.333333333;271;75.15769179;0.2182;14.3404
NS_79;286.5643;Baja;Calidad muy mala;1.666666667;270;79.40967694;0.184;13.13
NS_80;286.5643;Media;Calidad muy mala;2;269;81.40829945;0.184;13.13
NS_81;286.5643;Baja;Calidad muy mala;2;268;75.34121734;0.184;13.13
NS_82;286.5643;Baja;Calidad muy mala;2.333333333;268;68.43186091;0.184;13.13
NS_83;286.5643;Baja;Calidad muy mala;3.333333333;270;62.45151519;0.184;13.13
NS_84;286.5643;Baja;Calidad muy mala;3.666666667;273;57.07458762;0.184;13.13
NS_85;286.5643;Baja;Calidad muy mala;4;280;51.79807974;0.184;13.13
NS_86;286.5643;Baja;Calidad muy mala;25.66666667;285;47.40974009;0.184;13.13
NS_87;286.5643;Media;Calidad mala;23.33333333;274;60.71802799;0.301;17.038
NS_88;286.5643;Baja;Calidad muy mala;23.33333333;272;67.96447502;0.24145;15.2758
NS_89;250.498;Baja;Calidad muy mala;1.666666667;271;72.18996559;0.184;13.13
NS_90;250.498;Media;Calidad muy mala;2;270;73.76940283;0.184;13.13
NS_91;250.498;Baja;Calidad muy mala;2.333333333;269;70.71679677;0.184;13.13
NS_92;250.498;Baja;Calidad muy mala;2;269;65.20012837;0.184;13.13
NS_93;250.498;Baja;Calidad muy mala;3.333333333;270;59.75296111;0.184;13.13
NS_94;250.498;Baja;Calidad muy mala;4;273;54.90722316;0.184;13.13
NS_95;250.498;Baja;Calidad muy mala;4;280;50.51169844;0.184;13.13
NS_96;250.498;Baja;Calidad muy mala;25.66666667;287;46.87268938;0.184;13.13
NS_97;250.498;Baja;Calidad muy mala;25.66666667;286;44.11120998;0.184;13.13
NS_98;306.7354;Baja;Calidad mala;23.33333333;273;63.16059605;0.2562;15.7836
NS_99;306.7354;Baja;Calidad muy mala;1.666666667;271;66.07337619;0.2023;13.832
NS_100;306.7354;Media;Calidad muy mala;2;270;67.63346086;0.184;13.13
NS_101;306.7354;Baja;Calidad muy mala;2.333333333;270;66.12198538;0.184;13.13
NS_102;306.7354;Baja;Calidad muy mala;2.333333333;270;62.12349403;0.184;13.13
NS_103;306.7354;Baja;Calidad muy mala;2.333333333;271;57.49894633;0.184;13.13
NS_104;306.7354;Baja;Calidad muy mala;3.333333333;274;53.08461791;0.184;13.13
NS_105;306.7354;Baja;Calidad muy mala;3.666666667;280;49.33944461;0.184;13.13
NS_106;306.7354;Baja;Calidad muy mala;4.333333333;288;46.39049019;0.184;13.13
NS_107;306.7354;Baja;Calidad muy mala;25.66666667;289;44.22184464;0.184;13.13
NS_108;306.7354;Baja;Calidad muy mala;25.66666667;282;42.57498091;0.184;13.13
NS_109;248.9047;Baja;Calidad regular;23.33333333;274;57.44551414;0.329;17.822
NS_110;295.0845;Baja;Calidad muy mala;3;272;60.85739258;0.23707;15.1658
NS_111;248.9047;Baja;Calidad muy mala;3;271;62.48245416;0.20008;13.6308
NS_112;295.0845;Media;Calidad muy mala;3.333333333;270;61.80196357;0.184;13.13
NS_113;248.9047;Baja;Calidad muy mala;3.666666667;270;58.99404166;0.184;13.13
NS_114;295.0845;Baja;Calidad muy mala;3.666666667;271;55.38522762;0.184;13.13
NS_115;248.9047;Baja;Calidad muy mala;4;274;51.46852536;0.184;13.13
NS_116;295.0845;Media;Calidad muy mala;4.333333333;279;48.16069634;0.184;13.13
NS_117;248.9047;Media;Calidad muy mala;4.333333333;288;45.95844689;0.184;13.13
NS_118;295.0845;Baja;Calidad muy mala;25.33333333;292;44.45848083;0.184;13.13
NS_119;295.0845;Baja;Calidad muy mala;25.33333333;285;44.07384711;0.184;13.13
NS_120;295.7595;Media;Calidad regular;23;275;53.16953507;0.38052;18.8576
NS_121;295.7595;Baja;Calidad muy mala;2;273;56.60404104;0.245;15.47
NS_122;295.7595;Baja;Calidad muy mala;1.666666667;272;58.33074874;0.21935;14.341
NS_123;295.7595;Media;Calidad muy mala;2;271;58.0583886;0.184;13.13
NS_124;295.7595;Baja;Calidad muy mala;2.666666667;271;56.16908471;0.184;13.13
NS_125;295.7595;Baja;Calidad muy mala;2.666666667;272;53.35716119;0.184;13.13
NS_126;295.7595;Baja;Calidad muy mala;2.666666667;274;50.0015526;0.184;13.13
NS_127;295.7595;Media;Calidad muy mala;3;278;47.07183008;0.184;13.13
NS_128;295.7595;Media;Calidad muy mala;3.333333333;286;45.64525306;0.184;13.13
NS_129;295.7595;Media;Calidad muy mala;3.666666667;292;44.94871447;0.2365;14.865
NS_130;295.7595;Baja;Calidad muy mala;25.33333333;288;47.86170556;0.184;13.13
NS_131;347.3086;Media;Calidad buena;23;276;50.20030811;0.4095;17.5325
NS_132;347.3086;Baja;Calidad mala;5;274;52.9330681;0.259;15.862
NS_133;347.3086;Baja;Calidad muy mala;1.666666667;272;54.6557403;0.2389;15.236
NS_134;347.3086;Media;Calidad muy mala;2;272;54.66394582;0.24195;15.353
NS_135;347.3086;Baja;Calidad muy mala;2;272;53.47372693;0.184;13.13
NS_136;347.3086;Baja;Calidad muy mala;2.666666667;272;51.31947469;0.184;13.13
NS_137;347.3086;Baja;Calidad muy mala;2.666666667;274;48.45884541;0.184;13.13
NS_138;347.3086;Media;Calidad muy mala;2.666666667;278;45.96735641;0.184;13.13
NS_139;347.3086;Media;Calidad muy mala;3;285;45.01547982;0.184;13.13
NS_140;347.3086;Baja;Calidad mala;3.333333333;292;47.4358516;0.28165;16.3571
NS_141;347.3086;Media;Calidad muy mala;3.666666667;291;48.30485717;0.247;15.212
NS_142;347.3086;Baja;Calidad muy mala;25.33333333;282;53.17898607;0.184;13.13
NS_143;345.9426;Baja;Calidad mala;23;275;50.01184697;0.308;17.234
NS_144;345.9426;Baja;Calidad muy mala;1.666666667;273;51.65548795;0.245;15.47
NS_145;345.9426;Media;Calidad muy mala;2;272;51.72099192;0.2267;14.768
NS_146;345.9426;Baja;Calidad muy mala;2.333333333;272;50.845468;0.184;13.13
NS_147;345.9426;Baja;Calidad muy mala;2.333333333;273;49.58337041;0.184;13.13
NS_148;345.9426;Baja;Calidad muy mala;3;274;46.89356293;0.184;13.13
NS_149;345.9426;Media;Calidad muy mala;3;277;44.77231001;0.184;13.13
NS_150;345.9426;Media;Calidad muy mala;3;283;44.4404367;0.184;13.13
NS_151;345.9426;Media;Calidad mala;3.333333333;290;45.7371985;0.2848;16.4612
NS_152;345.9426;Media;Calidad mala;3.666666667;292;49.12637472;0.289;16.6
NS_153;345.9426;Baja;Calidad muy mala;24.66666667;285;73.00781008;0.1924;13.4076
NS_154;272.8603;Baja;Calidad regular;22.66666667;275;48.08811252;0.343;18.214
NS_155;272.8603;Baja;Calidad mala;2;274;49.69397868;0.2548;15.7444
NS_156;272.8603;Baja;Calidad muy mala;2.333333333;273;49.61034551;0.245;15.47
NS_157;272.8603;Media;Calidad muy mala;2.333333333;272;48.60728793;0.2084;14.066
NS_158;272.8603;Baja;Calidad muy mala;2.333333333;273;47.99984916;0.184;13.13
NS_159;272.8603;Media;Calidad muy mala;2.333333333;274;45.80120845;0.184;13.13
NS_160;272.8603;Baja;Calidad muy mala;3.333333333;277;43.87926968;0.184;13.13
NS_161;272.8603;Baja;Calidad muy mala;3.333333333;281;43.63932757;0.184;13.13
NS_162;272.8603;Media;Calidad mala;3.333333333;288;45.67256788;0.2869;16.5306
NS_163;272.8603;Media;Calidad mala;3.333333333;292;48.2141561;0.289;16.6
NS_164;272.8603;Baja;Calidad muy mala;3.666666667;287;78.85791849;0.21865;14.2751
NS_165;272.8603;Baja;Calidad muy mala;22.33333333;279;69.55555111;0.184;13.13
NS_166;271.301;Media;Calidad regular;22.66666667;276;46.75600934;0.357;18.606
NS_167;271.301;Baja;Calidad mala;2.333333333;274;48.62309909;0.2548;15.7444
NS_168;271.301;Baja;Calidad muy mala;2.333333333;273;47.97302856;0.245;15.47
NS_169;271.301;Media;Calidad muy mala;2.333333333;273;46.77183256;0.245;15.47
NS_170;271.301;Baja;Calidad muy mala;2.333333333;273;46.24885358;0.18522;13.1768
NS_171;271.301;Media;Calidad muy mala;2;274;44.42504354;0.184;13.13
NS_172;271.301;Baja;Calidad muy mala;2;276;43.11517857;0.184;13.13
NS_173;271.301;Media;Calidad muy mala;2;280;42.92806206;0.184;13.13
NS_174;271.301;Media;Calidad mala;2;286;45.30984732;0.2806;16.3224
NS_175;271.301;Baja;Calidad mala;2;291;49.25638796;0.289;16.6
NS_176;271.301;Media;Calidad muy mala;2.333333333;288;64.06488999;0.247;15.212
NS_177;271.301;Baja;Calidad muy mala;22.33333333;280;80.34241848;0.184;13.13
NS_178;194.7098;Media;Calidad regular;22.33333333;275;45.69501027;0.3836;17.316
NS_179;194.7098;Baja;Calidad muy mala;2.666666667;275;48.21387144;0.245;15.47
NS_180;194.7098;Baja;Calidad mala;2.333333333;273;46.88456859;0.2562;15.7836
NS_181;194.7098;Media;Calidad muy mala;2.333333333;273;45.37073907;0.245;15.47
NS_182;194.7098;Baja;Calidad muy mala;2.333333333;273;44.62145442;0.20535;13.949
NS_183;194.7098;Media;Calidad muy mala;2.333333333;275;43.17007572;0.184;13.13
NS_184;194.7098;Baja;Calidad muy mala;2.333333333;276;41.67402351;0.184;13.13
NS_185;194.7098;Baja;Calidad muy mala;2;279;43.33365948;0.184;13.13
NS_186;194.7098;Media;Calidad muy mala;2;284;45.89913764;0.23125;14.6915
NS_187;194.7098;Baja;Calidad mala;2;289;47.44986932;0.289;16.6
NS_188;194.7098;Media;Calidad muy mala;2.333333333;289;53.67532074;0.27325;16.0795
NS_189;194.7098;Baja;Calidad muy mala;22;281;62.17527107;0.184;13.13
NS_190;194.7749;Media;Calidad buena;22.33333333;275;44.60000809;0.4536;14.189
NS_191;194.7749;Baja;Calidad muy mala;22.33333333;274;48.18649035;0.245;15.47
NS_192;194.7749;Baja;Calidad mala;2.333333333;274;45.86075065;0.2576;15.8228
NS_193;194.7749;Media;Calidad muy mala;2.333333333;273;44.25854642;0.245;15.47
NS_194;194.7749;Baja;Calidad muy mala;2.333333333;274;43.40045249;0.22365;14.651
NS_195;194.7749;Media;Calidad muy mala;2.333333333;275;42.00972562;0.184;13.13
NS_196;194.7749;Baja;Calidad muy mala;2.333333333;276;40.5054344;0.184;13.13
NS_197;194.7749;Baja;Calidad muy mala;2;279;48.46809299;0.184;13.13
NS_198;194.7749;Media;Calidad muy mala;2;283;45.01028427;0.1966;13.5464
NS_199;194.7749;Baja;Calidad mala;2.333333333;288;44.2223723;0.289;16.6
NS_200;194.7749;Media;Calidad mala;2.333333333;288;49.95636563;0.289;16.6
NS_201;194.7749;Baja;Calidad muy mala;22.33333333;282;48.68515403;0.18505;13.1647
NS_202;347.3801;Media;Calidad buena;22;274;42.83151795;0.4732;12.703
NS_203;347.4369;Alta;Calidad mala;22.33333333;274;48.28683316;0.26952;16.1484
NS_204;347.4937;Baja;Calidad mala;1.666666667;274;45.3143429;0.259;15.862
NS_205;346.7385;Media;Calidad muy mala;2.333333333;274;43.12485654;0.245;15.47
NS_206;384.409;Alta;Calidad muy mala;2.333333333;274;41.6827435;0.23795;15.1884
NS_207;369.2179;Baja;Calidad muy mala;2.333333333;275;40.29953009;0.184;13.13
NS_208;355.0905;Baja;Calidad muy mala;2.333333333;276;38.99794589;0.184;13.13
NS_209;345.3233;Baja;Calidad muy mala;2.333333333;279;39.91924759;0.184;13.13
NS_210;350.7341;Media;Calidad muy mala;2.333333333;282;45.92335476;0.1924;13.4076
NS_211;347.8899;Baja;Calidad mala;2.333333333;286;43.23651096;0.2785;16.253
NS_212;347.9437;Media;Calidad mala;2.333333333;288;41.82188558;0.289;16.6
NS_213;347.7794;Baja;Calidad muy mala;22;283;40.1501704;0.19975;13.6505
NS_214;348.5064;Baja;Calidad muy mala;22.33333333;277;35.09257482;0.184;13.13
NS_215;183.5212;Baja;Calidad muy mala;22.33333333;277;37.29895271;0.184;13.13
NS_216;356.6527;Baja;Calidad muy mala;2;279;36.69745901;0.184;13.13
NS_217;327.8829;Alta;Calidad muy mala;2.333333333;281;37.46666906;0.184;13.13
NS_218;347.5109;Baja;Calidad muy mala;2;285;37.75897692;0.2701;15.9754
NS_219;347.5007;Media;Calidad mala;2;287;36.93939499;0.289;16.6
NS_220;347.1665;Baja;Calidad muy mala;2;285;35.25194154;0.22075;14.3445
NS_221;347.9204;Baja;Calidad muy mala;22;278;32.36249524;0.184;13.13
NS_222;582.6417;Baja;Calidad mala;2.333333333;284;34.03483212;0.27535;16.1489
NS_223;318.7125;Baja;Calidad mala;1.666666667;287;34.58916258;0.289;16.6
NS_224;346.7384;Baja;Calidad muy mala;1.666666667;286;32.37893339;0.25015;15.3161
NS_225;347.5763;Baja;Calidad muy mala;21.33333333;280;30.13652015;0.184;13.13
NS_226;340.3037;Media;Calidad mala;2.333333333;287;32.33914609;0.289;16.6
NS_227;356.1888;Baja;Calidad muy mala;2.333333333;288;30.45955483;0.23125;14.6915
NS_228;347.8512;Baja;Calidad muy mala;2.333333333;282;28.49055522;0.184;13.13
NS_229;347.7819;Baja;Calidad muy mala;21.33333333;276;26.19442522;0.184;13.13
NS_230;662.9659;Media;Calidad muy mala;2;292;27.75368478;0.19975;13.6505
NS_231;359.9252;Baja;Calidad muy mala;2;286;27.22330597;0.184;13.13
NS_232;271.6626;Baja;Calidad muy mala;21;278;25.34661575;0.184;13.13
NS_233;234.093;Baja;Calidad muy mala;20.66666667;278;22.85944434;0.184;13.13
NS_234;341.1232;Baja;Calidad buena;21.66666667;274;40.40814663;0.483;11.96
NS_235;347.5113;Alta;Calidad regular;22;271;47.39476834;0.3456;16.2265
NS_236;347.5113;Media;Calidad mala;2;273;45.24126146;0.24632;15.5039
NS_237;346.7024;Baja;Calidad mala;2;274;41.67852427;0.259;15.862
NS_238;457.145;Media;Calidad mala;2;274;40.01001797;0.28108;16.3966
NS_239;347.5113;Media;Calidad buena;21.33333333;268;45.86615298;0.4277;13.9725
NS_240;347.5113;Media;Calidad muy mala;21.33333333;272;45.71283898;0.245;15.47
NS_241;346.7053;Baja;Calidad mala;1.666666667;274;40.99880055;0.259;15.862
NS_242;502.4422;Media;Calidad mala;1.666666667;275;38.73777104;0.28548;16.5096
NS_243;347.5113;Media;Calidad buena;21.33333333;267;42.52902077;0.47516;12.5544
NS_244;347.5113;Baja;Calidad mala;21.33333333;269;52.63330449;0.287;16.646
NS_245;346.7083;Baja;Calidad mala;2.333333333;273;40.83930709;0.259;15.862
NS_246;347.5262;Media;Calidad mala;2.333333333;275;37.73405261;0.289;16.6
NS_247;347.5113;Media;Calidad regular;20.66666667;267;49.10242586;0.364;18.802
NS_248;346.7112;Baja;Calidad mala;2.666666667;271;42.59138046;0.2618;15.9404
NS_249;347.5342;Media;Calidad mala;2.333333333;275;36.49027531;0.28724;16.5548
NS_250;347.6489;Media;Calidad buena;20.66666667;267;36.7699432;0.39284;18.7956
NS_251;346.793;Baja;Calidad mala;2.666666667;271;41.01242576;0.301;17.038
NS_252;347.5627;Media;Calidad mala;2.666666667;275;35.24614366;0.29412;16.7607
NS_253;347.5224;Media;Calidad buena;20.33333333;267;31.6744235;0.42126;16.6409
NS_254;346.7282;Baja;Calidad regular;20.33333333;271;35.03206465;0.3738;19.0764
NS_255;347.5614;Alta;Calidad mala;2.333333333;276;33.70057006;0.29324;16.7381
NS_256;347.5224;Media;Calidad buena;20.33333333;270;28.45089978;0.45066;14.4119
NS_257;346.7312;Media;Calidad regular;20.33333333;272;31.16687841;0.385;19.39
NS_258;347.5694;Media;Calidad regular;3.333333333;276;32.1588183;0.313;17.2975
NS_259;346.7341;Media;Calidad buena;20;275;28.54181225;0.38794;19.1671
NS_260;346.5774;Media;Calidad regular;3;277;32.46602979;0.337;17.995
NS_261;346.737;Media;Calidad buena;19.66666667;277;26.23971154;0.41734;16.9381
NS_262;347.5854;Media;Calidad regular;2.666666667;279;36.71619434;0.35332;18.4693
NS_263;346.74;Media;Calidad buena;19.66666667;279;24.2597495;0.45066;14.4119
NS_264;347.5934;Muy alta;Calidad regular;6;281;27.88171679;0.36772;18.8878
NS_265;346.7429;Media;Calidad buena;18.66666667;281;22.64746253;0.4732;12.703
NS_266;347.6014;Muy alta;Calidad regular;18.66666667;282;24.43212865;0.37924;19.2226
NS_267;344.7509;Baja;Calidad buena;18.33333333;284;21.34846536;0.483;11.96
NS_268;347.6095;Media;Calidad buena;18.33333333;284;22.63648741;0.38892;19.0928
NS_269;302.8804;Baja;Calidad muy mala;20.33333333;280;22.30115057;0.184;13.13
NS_270;545.5652;Baja;Calidad muy mala;15.33333333;281;24.17672343;0.184;13.13
NS_271;274.5984;Baja;Calidad muy mala;20.33333333;283;21.67146747;0.184;13.13
NS_272;379.4852;Baja;Calidad muy mala;2;289;25.43006499;0.184;13.13
NS_273;378.3154;Baja;Calidad muy mala;2;288;22.88689526;0.184;13.13
NS_274;387.137;Baja;Calidad muy mala;20;286;20.80761169;0.184;13.13
NS_275;256.3878;Media;Calidad mala;2;289;30.22224032;0.289;16.6
NS_276;347.4686;Baja;Calidad muy mala;2;294;24.25591063;0.184;13.13
NS_277;347.4686;Baja;Calidad muy mala;3;293;21.97543674;0.184;13.13
NS_278;346.9947;Baja;Calidad muy mala;20;289;20.20441025;0.184;13.13
NS_279;346.5932;Baja;Calidad muy mala;19;284;18.87676923;0.184;13.13
NS_280;411.2457;Alta;Calidad muy mala;2.333333333;282;34.44284262;0.184;13.13
NS_281;269.2102;Baja;Calidad mala;2.333333333;286;31.20360883;0.2827;16.3918
NS_282;323.3559;Baja;Calidad mala;2.333333333;292;28.43603061;0.289;16.6
NS_283;347.2899;Baja;Calidad muy mala;2;297;25.58350318;0.184;13.13
NS_284;293.8207;Baja;Calidad muy mala;2.333333333;299;23.17819037;0.184;13.13
NS_285;347.5475;Baja;Calidad muy mala;3;297;21.21711461;0.184;13.13
NS_286;262.9228;Baja;Calidad muy mala;19.66666667;292;19.82747016;0.184;13.13
NS_287;452.7101;Baja;Calidad muy mala;19;284;18.55909356;0.184;13.13
NS_288;253.29;Baja;Calidad muy mala;2.333333333;280;34.66922933;0.184;13.13
NS_289;284.4768;Media;Calidad muy mala;2.666666667;283;32.31955291;0.184;13.13
NS_290;299.7789;Baja;Calidad mala;2.333333333;288;29.39845157;0.2869;16.5306
NS_291;347.3198;Alta;Calidad mala;2;295;26.81125087;0.289;16.6
NS_292;347.0996;Baja;Calidad muy mala;2.333333333;302;24.33537013;0.184;13.13
NS_293;347.1385;Baja;Calidad muy mala;2;303;22.25950196;0.184;13.13
NS_294;347.4058;Baja;Calidad muy mala;2.666666667;300;20.58129092;0.184;13.13
NS_295;308.4705;Baja;Calidad muy mala;19;293;19.41094246;0.184;13.13
NS_296;518.0846;Baja;Calidad muy mala;2.333333333;277;36.48242657;0.184;13.13
NS_297;347.5447;Baja;Calidad muy mala;2.666666667;280;33.14124183;0.184;13.13
NS_298;347.5389;Alta;Calidad muy mala;2.666666667;284;30.46735084;0.184;13.13
NS_299;347.5331;Baja;Calidad mala;2.333333333;291;27.877709;0.289;16.6
NS_300;320.3778;Alta;Calidad mala;2.333333333;299;25.48291011;0.2785;16.253
NS_301;347.5216;Baja;Calidad muy mala;2;306;23.27898122;0.184;13.13
NS_302;347.5159;Baja;Calidad muy mala;3;307;21.49082195;0.184;13.13
NS_303;263.6883;Baja;Calidad muy mala;2;303;20.18032628;0.184;13.13
NS_304;264.8429;Baja;Calidad muy mala;12;294;19.06314422;0.184;13.13
NS_305;394.0115;Baja;Calidad muy mala;2;276;37.85848476;0.184;13.13
NS_306;347.5182;Baja;Calidad muy mala;2.666666667;278;34.3127595;0.184;13.13
NS_307;347.5182;Baja;Calidad muy mala;2.666666667;282;31.45670412;0.184;13.13
NS_308;347.5182;Media;Calidad muy mala;2.333333333;286;28.76296297;0.184;13.13
NS_309;347.5182;Baja;Calidad mala;2.333333333;294;26.36717121;0.289;16.6
NS_310;320.9761;Media;Calidad muy mala;2;304;24.1945175;0.27325;16.0795
NS_311;347.5182;Baja;Calidad muy mala;2.666666667;310;22.38606437;0.184;13.13
NS_312;264.3978;Baja;Calidad muy mala;2;310;20.9940565;0.184;13.13
NS_313;308.8002;Baja;Calidad muy mala;2.666666667;304;19.75773492;0.184;13.13
NS_314;347.5182;Baja;Calidad muy mala;2.666666667;276;36.00777298;0.18705;13.247
NS_315;347.5182;Baja;Calidad muy mala;2.666666667;279;32.68412042;0.184;13.13
NS_316;347.5182;Baja;Calidad muy mala;2.333333333;283;29.86797747;0.184;13.13
NS_317;320.3424;Media;Calidad muy mala;2.333333333;289;27.32686168;0.184;13.13
NS_318;347.5182;Baja;Calidad mala;2;298;25.1162155;0.2806;16.3224
NS_319;347.5182;Alta;Calidad muy mala;2.666666667;308;23.26614651;0.26275;15.7325
NS_320;347.5182;Baja;Calidad muy mala;2;314;21.64505507;0.184;13.13
NS_321;337.6002;Baja;Calidad muy mala;2;312;20.41606582;0.184;13.13
NS_322;362.4596;Media;Calidad mala;3;275;36.30034233;0.2582;15.809
NS_323;347.5182;Media;Calidad muy mala;2.666666667;277;34.49751696;0.19925;13.715
NS_324;347.5182;Baja;Calidad muy mala;2.333333333;280;31.22228233;0.184;13.13
NS_325;347.5182;Baja;Calidad muy mala;2.666666667;284;28.39941114;0.184;13.13
NS_326;320.9761;Baja;Calidad muy mala;2;291;25.90896006;0.184;13.13
NS_327;347.5182;Media;Calidad muy mala;2.666666667;301;24.1207907;0.26275;15.7325
NS_328;263.0667;Alta;Calidad muy mala;2.333333333;310;22.5751141;0.24175;15.0385
NS_329;344.1771;Baja;Calidad muy mala;2;317;21.0655224;0.184;13.13
NS_330;347.5182;Media;Calidad muy mala;2.333333333;278;33.03861204;0.2145;14.3
NS_331;320.3424;Baja;Calidad muy mala;2.666666667;281;29.79568096;0.184;13.13
NS_332;347.5182;Baja;Calidad muy mala;2;286;26.98758793;0.184;13.13
NS_333;347.5182;Baja;Calidad muy mala;2.666666667;293;24.81081727;0.184;13.13
NS_334;254.5414;Alta;Calidad muy mala;2.333333333;303;23.31043154;0.226;14.518
NS_335;308.6465;Alta;Calidad muy mala;2;313;21.89700814;0.205;13.824
NS_336;360.2373;Alta;Calidad mala;2.333333333;277;34.69860552;0.2582;15.809
NS_337;347.5182;Media;Calidad muy mala;2.666666667;279;31.14904881;0.22975;14.885
NS_338;320.965;Baja;Calidad muy mala;2;283;28.00066663;0.184;13.13
NS_339;347.5182;Baja;Calidad muy mala;2.666666667;287;25.65012068;0.184;13.13
NS_340;347.5182;Baja;Calidad muy mala;2.333333333;295;23.81120264;0.184;13.13
NS_341;341.5137;Media;Calidad muy mala;2;305;22.53533004;0.21865;14.2751
NS_342;164.8006;Baja;Calidad muy mala;1.333333333;314;21.41834409;0.1882;13.2688
NS_343;463.5349;Alta;Calidad mala;2.666666667;278;32.97695425;0.2582;15.809
NS_344;347.5182;Baja;Calidad muy mala;2.333333333;280;29.38177858;0.24012;15.2828
NS_345;347.5182;Baja;Calidad muy mala;2.666666667;283;26.52618183;0.184;13.13
NS_346;347.5182;Baja;Calidad muy mala;2.333333333;288;24.52482163;0.184;13.13
NS_347;267.0715;Baja;Calidad muy mala;2.333333333;296;23.11031932;0.184;13.13
NS_348;224.1113;Baja;Calidad muy mala;2.333333333;307;21.9529362;0.19135;13.3729
NS_349;194.5996;Alta;Calidad mala;2.333333333;277;32.40817844;0.2824;16.4305
NS_350;402.8193;Alta;Calidad mala;2.333333333;279;30.38110357;0.2582;15.809
NS_351;347.6226;Baja;Calidad mala;2;281;27.50454601;0.24764;15.5378
NS_352;347.6434;Baja;Calidad muy mala;2.333333333;284;25.24343031;0.19132;13.4108
NS_353;259.5254;Baja;Calidad muy mala;2.333333333;288;23.75529346;0.184;13.13
NS_354;295.2088;Baja;Calidad muy mala;2.333333333;297;22.45907139;0.184;13.13
NS_355;177.2647;Media;Calidad mala;3;278;30.95799072;0.289;16.6
NS_356;294.767;Alta;Calidad mala;2.666666667;280;28.37178373;0.289;16.6
NS_357;347.5222;Baja;Calidad muy mala;2.333333333;282;26.00828779;0.245;15.47
NS_358;347.5222;Baja;Calidad muy mala;3;285;24.15469464;0.22365;14.651
NS_359;327.4237;Baja;Calidad muy mala;2.666666667;289;22.96172148;0.184;13.13
NS_360;309.243;Media;Calidad mala;3;279;29.57214525;0.289;16.6
NS_361;347.5735;Alta;Calidad mala;2.666666667;281;26.89361139;0.278;16.3175
NS_362;347.5111;Baja;Calidad muy mala;3.333333333;282;24.74977659;0.245;15.47
NS_363;326.4805;Baja;Calidad muy mala;3;285;23.25695189;0.24134;15.3296
NS_364;400.9407;Media;Calidad mala;2.666666667;280;28.53433354;0.289;16.6
NS_365;261.9976;Alta;Calidad mala;2.666666667;281;25.67192341;0.2582;15.809
NS_366;422.3596;Baja;Calidad muy mala;3;283;23.59545186;0.245;15.47
NS_367;707.4252;Media;Calidad mala;5.666666667;281;26.39055892;0.2846;16.487
NS_368;309.453;Alta;Calidad muy mala;2.666666667;282;24.46275977;0.245;15.47
NS_369;460.3496;Alta;Calidad regular;6.333333333;283;23.95044216;0.3082;17.158
NS_370;329.3654;Baja;Calidad mala;3.333333333;283;23.74842064;0.28328;16.4531
NS_371;246.5711;Alta;Calidad muy mala;2.333333333;283;23.52523846;0.245;15.47
NS_372;272.087;Baja;Calidad buena;12.33333333;285;20.38968762;0.483;11.96
NS_373;347.2217;Media;Calidad buena;12.33333333;286;21.36837471;0.4144;17.161
NS_374;249.7975;Media;Calidad regular;6.333333333;284;22.2203114;0.3466;18.274
NS_375;237.7749;Media;Calidad mala;3.666666667;284;22.74099932;0.289;16.6
NS_376;225.246;Alta;Calidad muy mala;3;284;22.90015054;0.245;15.47
NS_377;228.2101;Baja;Calidad muy mala;3;285;22.73946905;0.245;15.47
NS_378;233.8187;Baja;Calidad muy mala;2.666666667;287;22.54203033;0.245;15.47
NS_379;232.3463;Baja;Calidad muy mala;2.666666667;291;22.34993202;0.18583;13.2002
NS_380;231.8186;Baja;Calidad muy mala;2.666666667;298;21.9495227;0.184;13.13
NS_381;231.7818;Baja;Calidad muy mala;2.666666667;307;21.55467302;0.184;13.13
NS_382;231.7073;Baja;Calidad muy mala;2.666666667;315;21.09358886;0.184;13.13
NS_383;231.3888;Baja;Calidad muy mala;2.333333333;317;20.58739775;0.184;13.13
NS_384;231.6171;Baja;Calidad muy mala;2.333333333;313;20.02907871;0.184;13.13
NS_385;231.8941;Baja;Calidad muy mala;2.333333333;305;19.43923412;0.184;13.13
NS_386;231.1914;Baja;Calidad muy mala;2.333333333;295;18.84125669;0.184;13.13
NS_387;224.895;Baja;Calidad muy mala;6.333333333;284;18.25243004;0.184;13.13
NS_388;214.5714;Baja;Calidad muy mala;18.33333333;276;17.68288338;0.184;13.13
NS_389;644.9389;Baja;Calidad muy mala;18.33333333;279;17.88956395;0.184;13.13
NS_390;234.0911;Media;Calidad buena;13;286;20.7711235;0.4046;17.904
NS_391;226.7466;Media;Calidad regular;6;283;21.5516178;0.354;18.4965
NS_392;226.5964;Baja;Calidad mala;4;284;22.10391167;0.289;16.6
NS_393;232.6882;Muy alta;Calidad muy mala;2.666666667;285;22.58924813;0.245;15.47
NS_394;230.8689;Baja;Calidad muy mala;3;286;22.21253008;0.245;15.47
NS_395;230.8391;Baja;Calidad muy mala;3;288;22.0682006;0.245;15.47
NS_396;230.8411;Baja;Calidad muy mala;2.666666667;292;21.92279983;0.1962;13.598
NS_397;118.083;Baja;Calidad muy mala;2.666666667;297;21.66673387;0.184;13.13
NS_398;85.475;Baja;Calidad muy mala;2.666666667;302;21.44584497;0.184;13.13
NS_399;230.7426;Baja;Calidad muy mala;2.666666667;309;21.20748898;0.184;13.13
NS_400;230.8994;Baja;Calidad muy mala;2.666666667;316;20.78034943;0.184;13.13
NS_401;230.8686;Baja;Calidad muy mala;2.333333333;318;20.30022335;0.184;13.13
NS_402;230.8866;Baja;Calidad muy mala;2.333333333;314;19.77343028;0.184;13.13
NS_403;230.8791;Baja;Calidad muy mala;2.333333333;305;19.2177983;0.184;13.13
NS_404;230.535;Baja;Calidad muy mala;2.666666667;295;18.6555326;0.184;13.13
NS_405;220.3039;Baja;Calidad muy mala;2.666666667;284;18.10750092;0.184;13.13
NS_406;101.8166;Baja;Calidad muy mala;18.33333333;275;17.59602555;0.18715;13.2341
NS_407;441.6789;Media;Calidad mala;16.33333333;271;16.11217409;0.289;16.6
NS_408;495.838;Media;Calidad mala;16.66666667;269;15.78923343;0.289;16.6
NS_409;418.5774;Media;Calidad mala;16.33333333;266;15.95990973;0.289;16.6
NS_410;559.2209;Media;Calidad muy mala;16.66666667;269;15.90858403;0.23125;14.6915
NS_411;417.912;Baja;Calidad mala;16.66666667;265;15.94389835;0.289;16.6
NS_412;418.1283;Media;Calidad mala;16.33333333;266;16.20914254;0.289;16.6
NS_413;557.4125;Media;Calidad muy mala;16.66666667;270;16.24859955;0.184;13.13
NS_414;418.2447;Baja;Calidad muy mala;16.66666667;264;16.09065909;0.26275;15.7325
NS_415;371.8967;Baja;Calidad mala;16.66666667;265;16.19696799;0.289;16.6
NS_416;411.8297;Baja;Calidad mala;16.33333333;270;16.50623195;0.289;16.6
NS_417;550.7097;Baja;Calidad muy mala;17;272;16.6959935;0.184;13.13
NS_418;442.7534;Media;Calidad muy mala;16.66666667;264;16.36228433;0.2365;14.865
NS_419;418.2447;Media;Calidad regular;4.666666667;265;16.32944105;0.3178;17.437
NS_420;416.3466;Media;Calidad mala;4.666666667;269;16.52947984;0.289;16.6
NS_421;417.0054;Media;Calidad mala;16;275;17.05737408;0.289;16.6
NS_422;526.795;Baja;Calidad muy mala;18.33333333;274;17.25148801;0.184;13.13
NS_423;347.5708;Baja;Calidad muy mala;18.33333333;266;16.70114938;0.21025;13.9975
NS_424;418.2447;Alta;Calidad regular;2.666666667;264;16.55088127;0.3514;18.4135
NS_425;418.2447;Media;Calidad regular;4.666666667;268;16.64064034;0.3658;18.832
NS_426;417.912;Media;Calidad regular;4.666666667;273;17.00112223;0.3082;17.158
NS_427;409.466;Media;Calidad mala;16;282;17.76033832;0.289;16.6
NS_428;321.0163;Media;Calidad muy mala;18.33333333;269;17.12916281;0.1945;13.477
NS_429;347.5708;Alta;Calidad mala;15.33333333;264;16.77223078;0.2806;16.3224
NS_430;347.5708;Alta;Calidad muy mala;16.66666667;268;17.11464311;0.3103;17.0935
NS_431;347.5708;Baja;Calidad regular;3;265;16.90318932;0.38116;19.2784
NS_432;418.2447;Media;Calidad regular;4;266;16.84422629;0.37828;19.1947
NS_433;418.2447;Baja;Calidad regular;4.666666667;272;17.04050013;0.385;19.39
NS_434;416.1984;Baja;Calidad regular;5.333333333;278;17.59366861;0.385;19.39
NS_435;411.6698;Media;Calidad regular;15.33333333;288;18.66416891;0.385;19.39
NS_436;325.7885;Media;Calidad mala;3;275;17.53271983;0.2806;16.3224
NS_437;347.5708;Media;Calidad regular;4.333333333;268;17.13790476;0.3034;17.0185
NS_438;347.5708;Baja;Calidad regular;4;267;17.07020288;0.361;18.6925
NS_439;418.2447;Alta;Calidad regular;4;269;17.12695916;0.38308;19.3342
NS_440;407.4319;Media;Calidad regular;5.333333333;275;17.54239545;0.385;19.39
NS_441;417.4628;Media;Calidad regular;5.666666667;281;18.24786682;0.385;19.39
NS_442;413.0683;Baja;Calidad regular;15.33333333;293;19.71923813;0.337;17.995
NS_443;280.3284;Media;Calidad mala;4.333333333;276;17.49729169;0.289;16.6
NS_444;347.5708;Media;Calidad regular;4;270;17.2131248;0.30436;17.0464
NS_445;347.5708;Baja;Calidad mala;4;269;17.2280973;0.289;16.6
NS_446;418.2447;Baja;Calidad regular;5.333333333;273;17.52177011;0.3706;18.9715
NS_447;404.8439;Baja;Calidad regular;5.666666667;279;18.14020443;0.385;19.39
NS_448;408.1979;Media;Calidad regular;6.333333333;284;19.01339559;0.385;19.39
NS_449;403.5551;Baja;Calidad regular;14.66666667;294;20.52239953;0.32068;17.5207
NS_450;412.3023;Baja;Calidad muy mala;3;285;17.96427027;0.184;13.13
NS_451;306.2888;Alta;Calidad mala;4.333333333;277;17.50677915;0.2848;16.4612
NS_452;370.8823;Media;Calidad mala;5.333333333;272;17.3325867;0.289;16.6
NS_453;380.2255;Baja;Calidad mala;5.666666667;274;17.48337872;0.289;16.6
NS_454;364.5058;Baja;Calidad regular;5.666666667;278;17.98973968;0.3178;17.437
NS_455;418.2447;Media;Calidad regular;5.333333333;283;18.92745652;0.385;19.39
NS_456;371.5777;Baja;Calidad regular;5.333333333;288;20.33192946;0.3706;18.9715
NS_457;140.8213;Media;Calidad mala;13.33333333;291;20.57862273;0.289;16.6
NS_458;289.114;Baja;Calidad muy mala;3;296;18.52266471;0.184;13.13
NS_459;342.3805;Media;Calidad muy mala;4.333333333;288;17.93093474;0.184;13.13
NS_460;333.0373;Alta;Calidad mala;5;280;17.57813559;0.2827;16.3918
NS_461;323.6942;Media;Calidad mala;6;276;17.49871675;0.2785;16.253
NS_462;314.351;Baja;Calidad mala;5.333333333;278;17.78282924;0.27745;16.2183
NS_463;384.4105;Media;Calidad regular;5.666666667;283;18.4354731;0.337;17.995
NS_464;396.738;Baja;Calidad regular;6.333333333;287;20.48424303;0.385;19.39
NS_465;398.4451;Media;Calidad regular;13.33333333;295;20.12978964;0.37444;19.0831
NS_466;411.5049;Baja;Calidad regular;13;289;19.96570904;0.29284;16.7116
NS_467;332.8679;Baja;Calidad muy mala;2.333333333;306;19.00616295;0.184;13.13
NS_468;379.2604;Baja;Calidad muy mala;3;297;18.38651064;0.184;13.13
NS_469;347.5708;Media;Calidad muy mala;4.333333333;292;17.94347413;0.184;13.13
NS_470;347.5708;Media;Calidad muy mala;6;282;17.68699828;0.184;13.13
NS_471;293.3854;Media;Calidad muy mala;5.666666667;278;17.69646118;0.184;13.13
NS_472;347.5708;Baja;Calidad muy mala;6;283;18.1004112;0.1966;13.5464
NS_473;384.3819;Alta;Calidad regular;6.333333333;290;18.79248954;0.3562;18.553
NS_474;399.9477;Media;Calidad regular;5.333333333;293;20.00312055;0.385;19.39
NS_475;394.6332;Baja;Calidad regular;13;300;19.86357234;0.3514;18.4135
NS_476;314.6873;Baja;Calidad muy mala;2.333333333;314;19.57145643;0.184;13.13
NS_477;294.6298;Baja;Calidad muy mala;3;307;18.89810497;0.184;13.13
NS_478;347.0968;Baja;Calidad muy mala;3.333333333;299;18.38807742;0.184;13.13
NS_479;347.5708;Baja;Calidad muy mala;4;291;18.01998323;0.184;13.13
NS_480;347.5708;Media;Calidad muy mala;6;284;17.84704672;0.184;13.13
NS_481;347.5708;Muy alta;Calidad muy mala;5.333333333;283;17.94586067;0.184;13.13
NS_482;347.5708;Alta;Calidad mala;6.666666667;289;18.55597412;0.28375;16.4265
NS_483;400.4616;Baja;Calidad regular;7;297;19.00935879;0.29956;16.9069
NS_484;395.8106;Baja;Calidad regular;6.333333333;305;20.50392418;0.385;19.39
NS_485;405.2155;Baja;Calidad regular;12.66666667;308;20.41198144;0.2986;16.879
NS_486;230.0665;Baja;Calidad muy mala;2.666666667;318;20.09492223;0.184;13.13
NS_487;319.6767;Baja;Calidad muy mala;3;314;19.40284115;0.184;13.13
NS_488;347.5708;Baja;Calidad muy mala;3.333333333;307;18.87548018;0.184;13.13
NS_489;347.0968;Baja;Calidad muy mala;3;300;18.44356431;0.184;13.13
NS_490;293.3854;Baja;Calidad muy mala;6;293;18.15386672;0.184;13.13
NS_491;347.5708;Baja;Calidad muy mala;5.333333333;287;18.04856194;0.184;13.13
NS_492;347.5708;Alta;Calidad muy mala;7;289;18.20535234;0.184;13.13
NS_493;337.0578;Alta;Calidad mala;6.666666667;294;18.83349789;0.2806;16.3224
NS_494;394.8588;Baja;Calidad regular;6.333333333;310;19.59740437;0.3226;17.5765
NS_495;385.7444;Baja;Calidad regular;4.666666667;319;21.53238873;0.385;19.39
NS_496;396.698;Baja;Calidad regular;11;316;20.02332058;0.3082;17.158
NS_497;411.6741;Baja;Calidad muy mala;2.666666667;318;20.45813127;0.184;13.13
NS_498;307.0214;Baja;Calidad muy mala;2.666666667;318;19.90690221;0.184;13.13
NS_499;258.2532;Baja;Calidad muy mala;3.333333333;313;19.32714516;0.184;13.13
NS_500;347.5708;Baja;Calidad muy mala;3;306;18.92461939;0.184;13.13
NS_501;347.0968;Baja;Calidad muy mala;3;301;18.57536001;0.184;13.13
NS_502;347.5708;Baja;Calidad muy mala;6;294;18.36253655;0.184;13.13
NS_503;347.5708;Media;Calidad muy mala;6;290;18.28672492;0.184;13.13
NS_504;347.5708;Media;Calidad muy mala;6.333333333;294;18.45402752;0.184;13.13
NS_505;340.806;Media;Calidad muy mala;7.333333333;299;18.85805325;0.2659;15.8366
NS_506;264.0662;Baja;Calidad muy mala;2.666666667;318;19.80066568;0.184;13.13
NS_507;347.5708;Baja;Calidad muy mala;3;312;19.39491877;0.184;13.13
NS_508;347.5708;Baja;Calidad muy mala;3;305;19.0497836;0.184;13.13
NS_509;347.5708;Baja;Calidad muy mala;3;301;18.78551139;0.184;13.13
NS_510;347.5708;Baja;Calidad muy mala;5.666666667;295;18.61350257;0.184;13.13
NS_511;347.5708;Media;Calidad muy mala;7;294;18.55125081;0.184;13.13
NS_512;347.5708;Media;Calidad muy mala;6.666666667;298;18.70699656;0.184;13.13
NS_513;333.4549;Media;Calidad muy mala;7.666666667;305;19.17103719;0.2596;15.6284
NS_514;367.126;Baja;Calidad regular;6.333333333;323;19.9503603;0.361;18.6925
NS_515;392.4397;Baja;Calidad muy mala;11;329;20.66983221;0.2491;15.2814
NS_516;332.0348;Baja;Calidad muy mala;2.666666667;310;20.8805897;0.184;13.13
NS_517;347.5708;Baja;Calidad muy mala;2.666666667;317;20.28738449;0.184;13.13
NS_518;347.5708;Baja;Calidad muy mala;3;317;19.83230682;0.184;13.13
NS_519;347.5708;Baja;Calidad muy mala;3.333333333;311;19.51643648;0.184;13.13
NS_520;347.5708;Baja;Calidad muy mala;3;305;19.26873072;0.184;13.13
NS_521;347.5708;Baja;Calidad muy mala;5.333333333;299;19.0941168;0.184;13.13
NS_522;347.5708;Baja;Calidad muy mala;7;297;18.90923886;0.184;13.13
NS_523;347.5708;Baja;Calidad muy mala;6.333333333;297;18.8461852;0.184;13.13
NS_524;347.5708;Media;Calidad muy mala;6.666666667;302;18.99488065;0.184;13.13
NS_525;344.1482;Baja;Calidad mala;7.666666667;312;19.57004464;0.2827;16.3918
NS_526;312.4905;Baja;Calidad regular;11;329;20.36514025;0.35332;18.4693
NS_527;114.6706;Baja;Calidad muy mala;3;297;21.31382679;0.184;13.13
NS_528;204.324;Baja;Calidad muy mala;2.666666667;302;21.15085659;0.184;13.13
NS_529;347.5708;Baja;Calidad muy mala;2.666666667;310;20.68518081;0.184;13.13
NS_530;347.5708;Media;Calidad muy mala;3;316;20.24867745;0.184;13.13
NS_531;347.5708;Media;Calidad muy mala;3.333333333;314;19.94799527;0.1924;13.4076
NS_532;347.5708;Baja;Calidad muy mala;3;308;19.7710991;0.19765;13.5811
NS_533;321.0316;Baja;Calidad muy mala;3;302;19.60990122;0.184;13.13
NS_534;347.0968;Baja;Calidad muy mala;5.333333333;297;19.42642212;0.184;13.13
NS_535;347.5708;Baja;Calidad muy mala;6.666666667;298;19.2553711;0.184;13.13
NS_536;347.5708;Baja;Calidad muy mala;6.666666667;302;19.17122479;0.184;13.13
NS_537;347.5708;Media;Calidad muy mala;7.666666667;308;19.31799084;0.18925;13.3035
NS_538;329.9498;Baja;Calidad muy mala;9.333333333;319;19.94731489;0.26905;15.9407
NS_539;380.6105;Baja;Calidad regular;11;331;23.24402345;0.29476;16.7674
NS_540;258.4598;Baja;Calidad muy mala;3.333333333;302;20.9468874;0.184;13.13
NS_541;347.5708;Baja;Calidad muy mala;3.666666667;311;20.60501132;0.184;13.13
NS_542;347.5708;Media;Calidad muy mala;3.333333333;314;20.34348239;0.1966;13.5464
NS_543;293.3854;Media;Calidad mala;3;311;20.17004611;0.289;16.6
NS_544;347.5708;Media;Calidad muy mala;3;305;20.08368527;0.21025;13.9975
NS_545;321.0156;Baja;Calidad muy mala;5.333333333;298;19.9833024;0.184;13.13
NS_546;347.0968;Baja;Calidad muy mala;5.666666667;297;19.83777088;0.184;13.13
NS_547;293.3842;Baja;Calidad muy mala;6.333333333;300;19.63624568;0.184;13.13
NS_548;347.5708;Baja;Calidad muy mala;7.666666667;307;19.52948805;0.1924;13.4076
NS_549;291.8776;Baja;Calidad muy mala;7.666666667;317;19.67930666;0.19975;13.6505
NS_550;324.0947;Alta;Calidad mala;9.666666667;327;20.56484533;0.28585;16.4959
NS_551;366.4255;Baja;Calidad mala;10.66666667;329;20.86330105;0.289;16.6
NS_552;290.3454;Baja;Calidad muy mala;3.666666667;293;21.50553413;0.2145;14.3
NS_553;313.0193;Baja;Calidad muy mala;3.333333333;290;21.62991558;0.245;15.47
NS_554;320.1191;Baja;Calidad muy mala;3.333333333;295;21.22548378;0.2267;14.768
NS_555;347.5708;Baja;Calidad muy mala;3.333333333;302;20.86766856;0.184;13.13
NS_556;347.5708;Baja;Calidad muy mala;3.333333333;311;20.67678731;0.184;13.13
NS_557;347.5708;Baja;Calidad muy mala;3;312;20.57528049;0.184;13.13
NS_558;347.5708;Media;Calidad muy mala;3.666666667;308;20.51950769;0.19975;13.6505
NS_559;347.5708;Baja;Calidad muy mala;4.666666667;302;20.52058197;0.184;13.13
NS_560;347.5708;Baja;Calidad muy mala;5.333333333;295;20.48156223;0.184;13.13
NS_561;347.5708;Baja;Calidad muy mala;7.333333333;299;20.31441185;0.184;13.13
NS_562;347.5708;Baja;Calidad muy mala;6.666666667;302;20.092048;0.184;13.13
NS_563;347.5708;Baja;Calidad muy mala;7.333333333;316;19.92864439;0.2071;13.8934
NS_564;347.5708;Baja;Calidad muy mala;9.666666667;326;20.20797631;0.2155;14.171
NS_565;330.4075;Baja;Calidad mala;7.333333333;333;22.3007856;0.289;16.6
NS_566;276.2501;Baja;Calidad mala;9;327;21.05215412;0.289;16.6
NS_567;207.8103;Baja;Calidad muy mala;3.333333333;292;21.30259106;0.245;15.47
NS_568;291.5862;Baja;Calidad muy mala;3.333333333;297;21.02342346;0.23219;14.9786
NS_569;347.5708;Baja;Calidad muy mala;3;305;20.88865087;0.184;13.13
NS_570;347.5708;Baja;Calidad muy mala;3;310;20.90232036;0.184;13.13
NS_571;347.5708;Baja;Calidad muy mala;3.666666667;310;20.94605659;0.184;13.13
NS_572;347.5708;Baja;Calidad muy mala;4.666666667;304;20.99792194;0.184;13.13
NS_573;347.5708;Baja;Calidad muy mala;4.666666667;298;21.08447774;0.184;13.13
NS_574;347.5708;Baja;Calidad muy mala;6.333333333;295;21.06408834;0.184;13.13
NS_575;314.5534;Baja;Calidad muy mala;6.666666667;297;20.85312481;0.184;13.13
NS_576;347.5708;Baja;Calidad muy mala;7.333333333;306;20.56526452;0.184;13.13
NS_577;347.5708;Baja;Calidad muy mala;9.333333333;323;20.38858713;0.22075;14.3445
NS_578;347.5708;Alta;Calidad muy mala;9.333333333;334;20.96183073;0.25225;15.3855
NS_579;276.2501;Baja;Calidad mala;10.66666667;327;21.05215412;0.289;16.6
NS_580;419.121;Baja;Calidad muy mala;3.333333333;288;21.60926894;0.245;15.47
NS_581;292.8344;Baja;Calidad muy mala;4;295;21.08196973;0.245;15.47
NS_582;347.5708;Baja;Calidad muy mala;4;300;20.97150794;0.23341;15.0254
NS_583;347.5708;Baja;Calidad muy mala;4;307;21.06551367;0.184;13.13
NS_584;347.5708;Baja;Calidad muy mala;3.333333333;309;21.28633968;0.184;13.13
NS_585;347.5708;Baja;Calidad muy mala;4.666666667;306;21.45229447;0.184;13.13
NS_586;347.5708;Baja;Calidad muy mala;4.666666667;300;21.62192736;0.184;13.13
NS_587;347.5708;Baja;Calidad muy mala;6.333333333;294;21.77920454;0.184;13.13
NS_588;347.5708;Baja;Calidad muy mala;6.666666667;296;21.75272905;0.184;13.13
NS_589;347.5708;Baja;Calidad muy mala;7.333333333;297;21.48251473;0.184;13.13
NS_590;347.5708;Baja;Calidad muy mala;9;313;21.10498856;0.184;13.13
NS_591;347.5708;Alta;Calidad muy mala;9.333333333;330;21.03491734;0.226;14.518
NS_592;347.5708;Baja;Calidad mala;6.333333333;337;21.75575714;0.28375;16.4265
NS_593;276.2501;Baja;Calidad mala;10;327;21.05215412;0.289;16.6
NS_594;375.1255;Alta;Calidad muy mala;3.333333333;288;21.88559398;0.245;15.47
NS_595;349.6913;Baja;Calidad muy mala;4;291;21.14853462;0.245;15.47
NS_596;349.43;Baja;Calidad muy mala;4;298;20.94507151;0.245;15.47
NS_597;347.5708;Baja;Calidad muy mala;4;303;21.06223713;0.22853;14.8382
NS_598;347.5708;Baja;Calidad muy mala;3.333333333;307;21.39285756;0.184;13.13
NS_599;347.5708;Baja;Calidad muy mala;4.666666667;306;21.78604625;0.184;13.13
NS_600;347.5708;Baja;Calidad muy mala;4.666666667;302;22.10054126;0.184;13.13
NS_601;347.5708;Baja;Calidad muy mala;6.333333333;296;22.41035276;0.184;13.13
NS_602;347.5708;Baja;Calidad muy mala;6.666666667;291;22.62938072;0.184;13.13
NS_603;347.5708;Baja;Calidad muy mala;7.333333333;297;22.57835441;0.184;13.13
NS_604;347.5708;Baja;Calidad muy mala;8.333333333;300;22.19698679;0.184;13.13
NS_605;347.5708;Baja;Calidad muy mala;9;318;21.72535229;0.184;13.13
NS_606;347.5708;Media;Calidad muy mala;7.333333333;334;21.64635855;0.247;15.212
NS_607;347.5708;Media;Calidad mala;6.333333333;343;21.98110955;0.289;16.6
NS_608;334.3678;Baja;Calidad mala;8;346;21.86629459;0.289;16.6
NS_609;358.0512;Baja;Calidad mala;5;285;21.42561564;0.289;16.6
NS_610;287.7495;Muy alta;Calidad mala;4;289;21.21196523;0.2824;16.4305
NS_611;345.4659;Baja;Calidad mala;4;294;20.90138558;0.2538;15.696
NS_612;347.7273;Baja;Calidad mala;4;301;20.94119144;0.24588;15.4926
NS_613;347.5708;Baja;Calidad muy mala;3.333333333;305;21.32034199;0.2145;14.3
NS_614;347.5708;Baja;Calidad muy mala;4.666666667;305;21.85991289;0.184;13.13
NS_615;315.9776;Baja;Calidad muy mala;5;302;22.40523068;0.184;13.13
NS_616;347.5708;Baja;Calidad muy mala;6.333333333;297;22.91259801;0.184;13.13
NS_617;301.5347;Baja;Calidad muy mala;6.666666667;291;23.41461498;0.184;13.13
NS_618;347.5708;Baja;Calidad muy mala;7.333333333;289;23.68179334;0.184;13.13
NS_619;301.7;Baja;Calidad muy mala;8;297;23.58727104;0.184;13.13
NS_620;347.0968;Baja;Calidad muy mala;9.333333333;307;23.01570094;0.19975;13.6505
NS_621;322.8618;Baja;Calidad muy mala;8;325;22.42945729;0.184;13.13
NS_622;347.5708;Alta;Calidad muy mala;7.333333333;338;22.05804706;0.2575;15.559
NS_623;347.5708;Baja;Calidad mala;5;351;21.79420988;0.289;16.6
NS_624;287.8323;Alta;Calidad regular;6.666666667;285;20.91028633;0.336;18.018
NS_625;287.4161;Baja;Calidad mala;6;287;20.88931269;0.28768;16.5661
NS_626;337.5066;Muy alta;Calidad mala;4.666666667;291;21.24901309;0.289;16.6
NS_627;349.6929;Baja;Calidad mala;4;297;20.80021167;0.278;16.3175
NS_628;349.4211;Baja;Calidad muy mala;3.666666667;303;21.11213976;0.245;15.47
NS_629;349.1494;Baja;Calidad muy mala;4.333333333;304;21.77361624;0.1962;13.598
NS_630;348.8777;Baja;Calidad muy mala;4.666666667;302;22.4473293;0.184;13.13
NS_631;316.2535;Baja;Calidad muy mala;6.333333333;297;23.18211468;0.184;13.13
NS_632;348.3342;Baja;Calidad muy mala;6.666666667;292;23.91550193;0.184;13.13
NS_633;348.0625;Baja;Calidad muy mala;7.333333333;287;24.58981002;0.184;13.13
NS_634;347.7907;Baja;Calidad muy mala;8;289;24.99616023;0.184;13.13
NS_635;347.519;Baja;Calidad muy mala;9;297;24.69644812;0.2155;14.171
NS_636;320.2087;Baja;Calidad muy mala;8;314;23.82637732;0.21445;14.1363
NS_637;346.9759;Baja;Calidad muy mala;7.333333333;329;23.20895601;0.184;13.13
NS_638;346.7041;Alta;Calidad mala;5.333333333;345;22.53820541;0.28165;16.3571
NS_639;318.798;Baja;Calidad mala;4.333333333;355;21.72618869;0.289;16.6
NS_640;273.7223;Media;Calidad mala;7;288;20.31806021;0.2844;16.563
NS_641;328.9665;Media;Calidad mala;5.666666667;289;20.64638197;0.289;16.6
NS_642;342.8429;Media;Calidad mala;5;294;21.23038913;0.289;16.6
NS_643;293.3693;Baja;Calidad mala;3.666666667;300;20.84043949;0.25556;15.7412
NS_644;347.5192;Baja;Calidad mala;4.666666667;304;21.52059333;0.24984;15.5943
NS_645;347.5192;Baja;Calidad muy mala;5;301;22.49013771;0.1962;13.598
NS_646;347.5192;Baja;Calidad muy mala;6.333333333;298;23.15645333;0.184;13.13
NS_647;347.5192;Baja;Calidad muy mala;6;292;24.0767637;0.184;13.13
NS_648;347.5192;Baja;Calidad muy mala;7.333333333;287;25.14114994;0.21025;13.9975
NS_649;347.5192;Baja;Calidad muy mala;7.333333333;285;26.07182195;0.184;13.13
NS_650;347.5192;Media;Calidad muy mala;8.666666667;292;26.66576242;0.1924;13.4076
NS_651;292.0698;Baja;Calidad mala;7.666666667;301;25.96507408;0.289;16.6
NS_652;290.5566;Baja;Calidad muy mala;6.666666667;320;24.77403907;0.1945;13.477
NS_653;338.2316;Baja;Calidad muy mala;5.333333333;335;23.66013914;0.2239;14.4486
NS_654;347.5192;Alta;Calidad mala;4.333333333;349;22.62644846;0.289;16.6
NS_655;320.5304;Baja;Calidad mala;7;357;21.12467607;0.289;16.6
NS_656;514.3946;Media;Calidad buena;18;289;19.93527274;0.4144;17.161
NS_657;347.4842;Baja;Calidad mala;6.333333333;289;19.85435539;0.26552;16.0262
NS_658;345.8621;Media;Calidad mala;5.333333333;291;20.32384166;0.289;16.6
NS_659;340.513;Media;Calidad mala;3.666666667;297;20.86323327;0.289;16.6
NS_660;347.5192;Baja;Calidad mala;4.666666667;302;21.06223365;0.289;16.6
NS_661;347.5192;Baja;Calidad mala;5.666666667;302;22.35448006;0.2626;15.922
NS_662;347.5192;Baja;Calidad muy mala;6.333333333;298;23.49219109;0.245;15.47
NS_663;347.5192;Baja;Calidad muy mala;6.666666667;294;24.00824833;0.245;15.47
NS_664;347.5192;Baja;Calidad muy mala;7.333333333;287;25.24808339;0.245;15.47
NS_665;347.5192;Baja;Calidad muy mala;8;285;26.61744451;0.19159;13.41
NS_666;347.5192;Media;Calidad muy mala;8.666666667;287;27.90976647;0.184;13.13
NS_667;323.9976;Alta;Calidad muy mala;7.333333333;300;28.48634733;0.22075;14.3445
NS_668;312.0308;Baja;Calidad mala;6.666666667;311;27.25094372;0.27955;16.2877
NS_669;87.9577;Baja;Calidad muy mala;4.666666667;329;25.13754279;0.1945;13.477
NS_670;107.4068;Media;Calidad mala;4.333333333;343;23.69364882;0.289;16.6
NS_671;347.5192;Baja;Calidad mala;3.666666667;352;22.26523465;0.289;16.6
NS_672;347.5192;Baja;Calidad mala;6;357;20.93537262;0.289;16.6
NS_673;347.5192;Media;Calidad buena;17;289;19.24591235;0.40404;17.0744
NS_674;345.258;Baja;Calidad mala;6.333333333;290;19.50994036;0.2538;15.696
NS_675;346.1547;Baja;Calidad mala;5;293;20.35340872;0.2736;16.2045
NS_676;342.7773;Baja;Calidad mala;4.666666667;299;22.15563247;0.2626;15.922
NS_677;347.5192;Baja;Calidad mala;5.333333333;303;21.48466576;0.27712;16.2949
NS_678;347.5192;Baja;Calidad mala;6.333333333;301;24.0255711;0.24676;15.5152
NS_679;347.5192;Baja;Calidad muy mala;6.666666667;296;24.23140765;0.245;15.47
NS_680;347.5192;Baja;Calidad muy mala;7.333333333;291;25.0777412;0.245;15.47
NS_681;347.5192;Baja;Calidad muy mala;8;285;26.74260809;0.245;15.47
NS_682;347.5192;Media;Calidad muy mala;8.666666667;286;28.46062266;0.23402;15.0488
NS_683;347.5192;Alta;Calidad muy mala;7.333333333;289;29.85059662;0.184;13.13
NS_684;327.3306;Alta;Calidad muy mala;6.666666667;309;29.77082963;0.25225;15.3855
NS_685;334.8844;Baja;Calidad muy mala;4.666666667;324;27.9881848;0.1945;13.477
NS_686;325.2673;Baja;Calidad muy mala;4.333333333;338;25.81048853;0.184;13.13
NS_687;346.7613;Alta;Calidad muy mala;4;352;23.68430679;0.226;14.518
NS_688;118.5089;Baja;Calidad mala;4;353;22.06319303;0.289;16.6
NS_689;347.5192;Baja;Calidad mala;5;354;20.88364311;0.289;16.6
NS_690;347.5192;Media;Calidad buena;17;289;18.884002;0.39732;18.3106
NS_691;344.4974;Baja;Calidad muy mala;5;290;19.30359743;0.245;15.47
NS_692;342.7737;Baja;Calidad muy mala;6.333333333;294;21.45469325;0.245;15.47
NS_693;342.3611;Baja;Calidad muy mala;5.666666667;299;20.93940877;0.245;15.47
NS_694;347.5192;Baja;Calidad mala;6.666666667;302;22.21450368;0.2604;15.8655
NS_695;347.5192;Baja;Calidad muy mala;6.666666667;300;24.61722854;0.245;15.47
NS_696;347.5192;Baja;Calidad muy mala;7.333333333;295;24.87346401;0.245;15.47
NS_697;347.5192;Baja;Calidad muy mala;8;289;26.47120675;0.245;15.47
NS_698;347.5192;Media;Calidad muy mala;8.666666667;286;28.71903167;0.245;15.47
NS_699;347.5192;Media;Calidad muy mala;7.666666667;288;31.90531974;0.24259;15.3385
NS_700;347.5192;Alta;Calidad muy mala;6;294;31.33911259;0.1903;13.3382
NS_701;331.6533;Media;Calidad muy mala;6.333333333;317;31.00631132;0.2092;13.9628
NS_702;330.0911;Baja;Calidad muy mala;5;331;29.13264113;0.184;13.13
NS_703;326.9345;Baja;Calidad muy mala;3.666666667;345;26.13110261;0.184;13.13
NS_704;347.5192;Alta;Calidad muy mala;4;355;23.70083204;0.21025;13.9975
NS_705;347.5192;Baja;Calidad mala;6;357;21.9732955;0.289;16.6
NS_706;353.7181;Baja;Calidad buena;16.66666667;0;18.16924124;0.483;11.96
NS_707;317.5052;Baja;Calidad buena;15.66666667;287;19.17340551;0.39872;18.3498
NS_708;342.8282;Baja;Calidad mala;6.333333333;289;19.20622676;0.2828;16.5284
NS_709;301.1338;Baja;Calidad muy mala;6.333333333;294;20.31116983;0.245;15.47
NS_710;335.5167;Baja;Calidad muy mala;6.333333333;300;21.16209746;0.245;15.47
NS_711;347.5192;Baja;Calidad mala;7.333333333;301;23.55002409;0.2582;15.809
NS_712;347.5192;Baja;Calidad muy mala;7.333333333;299;24.4990267;0.245;15.47
NS_713;347.5192;Baja;Calidad muy mala;8;294;25.95964899;0.245;15.47
NS_714;347.5192;Baja;Calidad muy mala;8;288;28.32376734;0.245;15.47
NS_715;347.5192;Media;Calidad muy mala;6;287;31.66505356;0.245;15.47
NS_716;347.5192;Media;Calidad mala;6;289;32.31109749;0.27752;16.2433
NS_717;347.5192;Media;Calidad muy mala;5.666666667;301;32.74493462;0.2155;14.171
NS_718;325.4835;Baja;Calidad muy mala;4.666666667;322;32.34851772;0.184;13.13
NS_719;334.3062;Baja;Calidad muy mala;3.666666667;336;29.93587519;0.1966;13.5464
NS_720;339.5919;Baja;Calidad muy mala;4;348;26.27470218;0.184;13.13
NS_721;347.5192;Baja;Calidad muy mala;3;356;23.70901664;0.18715;13.2341
NS_722;347.5192;Baja;Calidad mala;6;358;22.11390511;0.289;16.6
NS_723;317.3625;Baja;Calidad buena;15.66666667;0;17.87687093;0.483;11.96
NS_724;290.9958;Baja;Calidad buena;15.33333333;286;18.4655568;0.38892;19.0928
NS_725;333.6035;Baja;Calidad regular;8.333333333;289;19.18443699;0.3402;18.1356
NS_726;308.5695;Baja;Calidad muy mala;7.666666667;295;20.4273133;0.245;15.47
NS_727;344.8512;Baja;Calidad muy mala;7.666666667;300;21.7211296;0.245;15.47
NS_728;302.3714;Baja;Calidad muy mala;7.333333333;299;23.60351718;0.245;15.47
NS_729;347.5192;Baja;Calidad muy mala;8;298;25.19103954;0.245;15.47
NS_730;296.8692;Media;Calidad mala;7.333333333;292;27.52762284;0.2604;15.9012
NS_731;347.5192;Media;Calidad muy mala;6;289;30.76741291;0.245;15.47
NS_732;344.8864;Media;Calidad mala;6;290;33.63258723;0.24632;15.5039
NS_733;344.8864;Media;Calidad mala;5.333333333;290;34.02692923;0.26084;15.8768
NS_734;347.5192;Media;Calidad muy mala;4.333333333;304;34.13686285;0.2302;14.6568
NS_735;332.0728;Baja;Calidad muy mala;3.333333333;326;33.84381314;0.22705;14.5527
NS_736;341.6584;Baja;Calidad mala;4;340;30.17356313;0.27745;16.2183
NS_737;347.0453;Baja;Calidad muy mala;3;350;26.31935382;0.184;13.13
NS_738;347.5192;Baja;Calidad muy mala;4;359;23.71773854;0.18925;13.3035
NS_739;347.5192;Media;Calidad mala;4.333333333;358;22.24128234;0.289;16.6
NS_740;301.007;Baja;Calidad buena;15.33333333;0;17.64017375;0.483;11.96
NS_741;347.5192;Baja;Calidad buena;15;284;18.30630091;0.39284;18.7956
NS_742;335.0245;Baja;Calidad regular;7.666666667;289;19.25986848;0.336;18.018
NS_743;342.0082;Baja;Calidad muy mala;7;296;20.41745785;0.245;15.47
NS_744;347.5192;Baja;Calidad muy mala;7;298;22.16438303;0.245;15.47
NS_745;347.5192;Baja;Calidad muy mala;8;298;24.09371452;0.24256;15.3764
NS_746;347.5192;Media;Calidad muy mala;7.333333333;297;26.4496013;0.21429;14.1614
NS_747;347.5192;Media;Calidad muy mala;6;291;29.43777735;0.30237;16.931
NS_748;347.5192;Media;Calidad muy mala;6;291;33.12306879;0.245;15.47
NS_749;320.8696;Media;Calidad muy mala;5.333333333;292;35.17714786;0.245;15.47
NS_750;344.8864;Baja;Calidad mala;3.333333333;293;35.85803542;0.25952;15.8429
NS_751;346.5438;Media;Calidad mala;3;307;35.41833228;0.28375;16.4265
NS_752;347.5192;Baja;Calidad mala;4;330;34.3067654;0.289;16.6
NS_753;316.0833;Baja;Calidad mala;3;340;30.1153904;0.2785;16.253
NS_754;347.0453;Baja;Calidad muy mala;4;352;26.34053969;0.184;13.13
NS_755;322.7798;Baja;Calidad muy mala;3.333333333;359;23.76009515;0.19975;13.6505
NS_756;322.3393;Baja;Calidad mala;4.333333333;357;21.78708678;0.289;16.6
NS_757;347.5192;Baja;Calidad buena;14.66666667;284;18.30233118;0.39382;18.7213
NS_758;340.306;Baja;Calidad regular;7;288;19.40427548;0.343;18.214
NS_759;338.3656;Baja;Calidad muy mala;7;295;20.79786268;0.245;15.47
NS_760;347.5192;Baja;Calidad muy mala;8;297;22.764965;0.245;15.47
NS_761;347.5192;Media;Calidad muy mala;6.666666667;298;25.14732996;0.21059;14.121
NS_762;347.5192;Alta;Calidad muy mala;6;295;28.17954253;0.19003;13.3178
NS_763;347.5192;Alta;Calidad muy mala;6;291;31.85909121;0.21698;14.2936
NS_764;347.5192;Media;Calidad muy mala;5.333333333;292;35.55657592;0.245;15.47
NS_765;293.6501;Media;Calidad mala;3.666666667;295;37.51074309;0.25072;15.6169
NS_766;344.8864;Baja;Calidad mala;2.666666667;297;37.82671909;0.25864;15.8203
NS_767;292.4125;Media;Calidad mala;4;312;36.48313671;0.289;16.6
NS_768;347.5192;Baja;Calidad mala;3;332;33.85465779;0.289;16.6
NS_769;317.3328;Baja;Calidad mala;3.666666667;344;29.6416441;0.27535;16.1489
NS_770;347.0453;Baja;Calidad muy mala;3.333333333;355;26.34206985;0.2113;14.0322
NS_771;314.5236;Media;Calidad muy mala;2.333333333;357;23.48430215;0.21445;14.1363
NS_772;347.5192;Media;Calidad mala;4;349;21.25827873;0.289;16.6
NS_773;347.5192;Baja;Calidad regular;14;284;18.54040329;0.385;19.39
NS_774;340.8246;Baja;Calidad regular;7;288;19.63204684;0.3402;18.1356
NS_775;344.7777;Baja;Calidad muy mala;8;295;21.32748622;0.245;15.47
NS_776;347.5192;Media;Calidad mala;6.666666667;296;23.626572;0.2828;16.5284
NS_777;347.5192;Alta;Calidad muy mala;5.333333333;297;26.57292006;0.28048;16.1348
NS_778;347.5192;Media;Calidad muy mala;5.666666667;293;30.43877827;0.184;13.13
NS_779;347.5192;Alta;Calidad muy mala;5.333333333;292;34.8227276;0.23808;15.074
NS_780;347.5192;Baja;Calidad muy mala;3.666666667;295;38.72268663;0.245;15.47
NS_781;347.5192;Media;Calidad mala;2.666666667;299;40.16909838;0.27888;16.3401
NS_782;347.5192;Media;Calidad mala;4.666666667;301;39.51875459;0.289;16.6
NS_783;347.5192;Media;Calidad mala;3.666666667;317;37.29487442;0.289;16.6
NS_784;347.5192;Baja;Calidad mala;4;334;33.76190797;0.289;16.6
NS_785;347.5192;Baja;Calidad mala;3.333333333;345;29.76159444;0.289;16.6
NS_786;347.5192;Baja;Calidad muy mala;3.333333333;353;26.32269916;0.26905;15.9407
NS_787;347.5192;Baja;Calidad mala;2.333333333;350;23.42293511;0.289;16.6
NS_788;347.5192;Alta;Calidad mala;3.333333333;340;20.86545333;0.289;16.6
NS_789;344.7416;Baja;Calidad regular;14;283;18.50265484;0.385;19.39
NS_790;339.7159;Baja;Calidad regular;8;289;19.97713039;0.3318;17.9004
NS_791;340.158;Baja;Calidad muy mala;6;295;22.00553053;0.245;15.47
NS_792;336.3065;Media;Calidad muy mala;5;297;24.74265724;0.2084;14.066
NS_793;339.9314;Media;Calidad muy mala;5.666666667;295;28.40681628;0.18802;13.2552
NS_794;347.5192;Baja;Calidad muy mala;4.333333333;293;33.19389872;0.184;13.13
NS_795;347.5192;Alta;Calidad muy mala;3.666666667;294;38.42401057;0.26525;15.9422
NS_796;347.5192;Media;Calidad muy mala;3.666666667;298;42.54835508;0.245;15.47
NS_797;347.5192;Baja;Calidad mala;6;303;43.06457795;0.289;16.6
NS_798;347.5192;Media;Calidad mala;6;306;41.35780677;0.289;16.6
NS_799;347.5192;Alta;Calidad mala;5;321;38.19513218;0.289;16.6
NS_800;347.5192;Baja;Calidad mala;3.333333333;335;33.97643529;0.289;16.6
NS_801;347.5192;Baja;Calidad mala;3.333333333;343;29.81438852;0.289;16.6
NS_802;347.5192;Baja;Calidad mala;3.333333333;344;26.26727887;0.289;16.6
NS_803;347.5192;Alta;Calidad mala;3;340;23.19443797;0.289;16.6
NS_804;347.5192;Baja;Calidad mala;3;332;20.47773987;0.289;16.6
NS_805;344.7416;Baja;Calidad regular;12.66666667;284;18.70126448;0.35524;18.5251
NS_806;336.9662;Baja;Calidad mala;6;290;20.45939175;0.27512;16.3052
NS_807;328.4017;Media;Calidad muy mala;5;295;22.8713993;0.24378;15.4232
NS_808;334.9138;Baja;Calidad muy mala;4.333333333;297;26.20185453;0.18644;13.2236
NS_809;336.0305;Media;Calidad muy mala;4.666666667;294;30.65413907;0.184;13.13
NS_810;347.5192;Media;Calidad muy mala;3;295;36.96607939;0.1861;13.1994
NS_811;347.5192;Baja;Calidad regular;3.666666667;296;42.7133475;0.29692;16.8391
NS_812;347.5192;Alta;Calidad mala;7;302;46.38718203;0.27492;16.2384
NS_813;347.5192;Media;Calidad mala;6;307;46.01203072;0.289;16.6
NS_814;347.5192;Media;Calidad mala;6;309;43.19826654;0.289;16.6
NS_815;347.5192;Baja;Calidad mala;4.333333333;323;39.22649841;0.289;16.6
NS_816;347.5192;Media;Calidad mala;3.333333333;333;34.3106226;0.289;16.6
NS_817;347.5192;Baja;Calidad mala;3.333333333;341;29.85276082;0.289;16.6
NS_818;347.5192;Media;Calidad mala;3.333333333;341;26.15502689;0.289;16.6
NS_819;347.5192;Alta;Calidad mala;2.666666667;332;22.85904298;0.289;16.6
NS_820;344.7416;Baja;Calidad regular;12;285;18.9992557;0.31684;17.4091
NS_821;332.5602;Baja;Calidad mala;5;292;21.03233682;0.24984;15.5943
NS_822;321.3037;Media;Calidad muy mala;4;295;23.88562696;0.2267;14.768
NS_823;326.7;Baja;Calidad muy mala;3.666666667;296;27.83756374;0.184;13.13
NS_824;327.5691;Alta;Calidad muy mala;3;293;33.36435514;0.184;13.13
NS_825;347.5192;Alta;Calidad muy mala;3.666666667;296;40.64250423;0.2197;14.3098
NS_826;347.5192;Alta;Calidad mala;7;0;47.66694128;0.289;16.6
NS_827;347.5192;Media;Calidad mala;6.666666667;304;50.64531986;0.289;16.6
NS_828;347.5192;Media;Calidad mala;5.333333333;309;48.74203894;0.289;16.6
NS_829;341.3802;Baja;Calidad mala;5.333333333;313;45.01945243;0.289;16.6
NS_830;336.6394;Baja;Calidad mala;4.333333333;326;40.02271356;0.289;16.6
NS_831;345.6386;Media;Calidad mala;4.333333333;331;34.44244537;0.289;16.6
NS_832;338.7991;Baja;Calidad mala;3.333333333;337;29.80729615;0.289;16.6
NS_833;347.5192;Media;Calidad mala;4;335;25.92298812;0.289;16.6
NS_834;347.5192;Baja;Calidad mala;3;328;22.42770852;0.289;16.6
NS_835;294.0326;Baja;Calidad mala;11;287;19.37055779;0.289;16.6
NS_836;320.6442;Baja;Calidad muy mala;5;293;21.67599721;0.245;15.47
NS_837;324.9343;Media;Calidad muy mala;4.333333333;295;24.97667423;0.21023;14.1362
NS_838;319.5753;Media;Calidad muy mala;3;294;29.73599918;0.184;13.13
NS_839;329.3272;Alta;Calidad muy mala;3.666666667;293;36.54577247;0.2239;14.4486
NS_840;347.5192;Media;Calidad mala;7;297;45.30049182;0.2764;16.1836
NS_841;347.5192;Baja;Calidad mala;6.666666667;0;52.87412427;0.289;16.6
NS_842;347.5192;Media;Calidad mala;6.666666667;306;54.2315207;0.289;16.6
NS_843;347.5192;Media;Calidad mala;5.333333333;310;50.94088631;0.289;16.6
NS_844;341.2557;Baja;Calidad mala;5.333333333;318;46.34963054;0.289;16.6
NS_845;337.7041;Baja;Calidad mala;4.333333333;325;40.15252555;0.289;16.6
NS_846;342.7556;Media;Calidad mala;3.333333333;327;34.41954822;0.289;16.6
NS_847;340.8094;Alta;Calidad mala;4;333;29.66813759;0.289;16.6
NS_848;342.6276;Media;Calidad mala;3;329;25.46188145;0.289;16.6
NS_849;344.7416;Baja;Calidad mala;10;290;19.79003792;0.25424;15.7073
NS_850;321.9382;Baja;Calidad muy mala;8.666666667;294;22.44661181;0.245;15.47
NS_851;276.1377;Media;Calidad muy mala;8;295;26.2813398;0.20047;13.7618
NS_852;325.6644;Baja;Calidad muy mala;7;294;31.94568997;0.184;13.13
NS_853;285.511;Alta;Calidad muy mala;7;292;40.0273119;0.25435;15.4549
NS_854;347.5192;Baja;Calidad mala;6.666666667;299;50.40960192;0.289;16.6
NS_855;265.0668;Baja;Calidad mala;6.666666667;0;57.04358485;0.289;16.6
NS_856;347.5192;Baja;Calidad mala;6;0;56.92339316;0.289;16.6
NS_857;314.7289;Baja;Calidad mala;5.333333333;310;52.76316808;0.289;16.6
NS_858;339.5936;Baja;Calidad mala;5.333333333;319;46.68514452;0.289;16.6
NS_859;280.8879;Baja;Calidad mala;4.333333333;321;40.14050948;0.289;16.6
NS_860;349.1414;Baja;Calidad mala;4;324;34.1115733;0.289;16.6
NS_861;307.2977;Media;Calidad mala;3;328;29.24627918;0.289;16.6
NS_862;344.7416;Baja;Calidad muy mala;8.666666667;293;20.26038829;0.245;15.47
NS_863;330.281;Media;Calidad muy mala;7;295;23.25310646;0.245;15.47
NS_864;329.3193;Media;Calidad muy mala;7;296;27.73589571;0.1901;13.364
NS_865;337.4996;Media;Calidad muy mala;7;293;34.27866906;0.184;13.13
NS_866;347.5192;Alta;Calidad muy mala;7;295;43.64366233;0.25923;15.6421
NS_867;347.5192;Baja;Calidad mala;6.666666667;0;54.47929028;0.289;16.6
NS_868;347.5192;Baja;Calidad mala;6.666666667;0;59.73533346;0.289;16.6
NS_869;347.5192;Baja;Calidad mala;5.333333333;0;58.08609823;0.289;16.6
NS_870;311.3784;Baja;Calidad mala;5.333333333;0;53.51567055;0.289;16.6
NS_871;356.8715;Baja;Calidad mala;4.333333333;316;46.54206276;0.289;16.6
NS_872;289.7093;Baja;Calidad mala;4;317;39.62196193;0.289;16.6
NS_873;343.6448;Media;Calidad mala;3;323;33.47018869;0.289;16.6
NS_874;344.7416;Baja;Calidad muy mala;7;295;20.78196405;0.245;15.47
NS_875;333.4082;Media;Calidad muy mala;7;296;24.12420791;0.245;15.47
NS_876;342.2136;Media;Calidad muy mala;7;296;29.14584276;0.18949;13.3406
NS_877;343.3631;Baja;Calidad muy mala;7;291;36.61729715;0.20291;13.8554
NS_878;347.5192;Media;Calidad mala;6.666666667;298;46.8232599;0.28108;16.3966
NS_879;347.5192;Baja;Calidad mala;6;303;57.04497221;0.289;16.6
NS_880;347.5192;Baja;Calidad mala;5.333333333;0;60.79349475;0.289;16.6
NS_881;347.5192;Baja;Calidad mala;5;0;58.30101154;0.289;16.6
NS_882;347.5192;Baja;Calidad mala;4.333333333;0;53.24283877;0.289;16.6
NS_883;346.4292;Baja;Calidad mala;4;315;45.7866209;0.289;16.6
NS_884;336.4997;Baja;Calidad mala;3;315;38.7506929;0.289;16.6
NS_885;317.7189;Baja;Calidad mala;3;328;20.13121446;0.289;16.6
NS_886;300.9917;Baja;Calidad mala;2;315;37.97843726;0.289;16.6
NS_887;311.9187;Media;Calidad mala;2;320;33.0423536;0.289;16.6
NS_888;273.5186;Baja;Calidad mala;2;324;28.55197358;0.289;16.6
NS_889;312.9558;Baja;Calidad mala;2;325;25.16857482;0.289;16.6
NS_890;316.4105;Baja;Calidad mala;2;325;22.18862031;0.289;16.6
NS_891;307.4293;Baja;Calidad mala;2;325;19.81703329;0.289;16.6
NS_892;206.8871;Media;Calidad mala;2;0;35.96912587;0.289;16.6
NS_893;225.3181;Baja;Calidad mala;2;0;31.48810516;0.289;16.6
NS_894;194.6764;Baja;Calidad mala;2;0;27.35850165;0.289;16.6
NS_895;221.8008;Baja;Calidad mala;2;0;24.12509673;0.289;16.6
NS_896;210.2929;Baja;Calidad mala;2;0;21.42065039;0.289;16.6
NS_897;209.2113;Baja;Calidad mala;2;0;19.14048963;0.289;16.6
NS_898;389.6476;Media;Calidad mala;2;0;33.82597253;0.289;16.6
NS_899;376.8502;Baja;Calidad mala;2;0;29.84546693;0.289;16.6
NS_900;364.4181;Baja;Calidad mala;2;0;26.21552565;0.289;16.6
NS_901;371.9013;Baja;Calidad mala;2;0;23.23235294;0.289;16.6
NS_902;393.8812;Baja;Calidad mala;2;0;20.64524751;0.289;16.6
NS_903;398.9899;Baja;Calidad mala;2;0;18.53521373;0.289;16.6
NS_904;322.7614;Baja;Calidad mala;2;0;31.82516422;0.289;16.6
NS_905;324.6967;Baja;Calidad mala;2;0;28.42844814;0.289;16.6
NS_906;310.5182;Baja;Calidad mala;2;0;25.29031715;0.289;16.6
NS_907;317.1506;Baja;Calidad mala;2;0;22.38439014;0.289;16.6
NS_908;326.2946;Baja;Calidad mala;2;0;19.99831156;0.289;16.6
NS_909;308.5807;Baja;Calidad mala;2;0;17.95393681;0.289;16.6
NS_910;298.5704;Baja;Calidad mala;1;0;30.42181538;0.289;16.6
NS_911;276.2566;Baja;Calidad mala;1;0;27.35849172;0.289;16.6
NS_912;299.2041;Baja;Calidad mala;2;0;24.48969574;0.289;16.6
NS_913;298.0534;Baja;Calidad mala;2;0;21.84362009;0.289;16.6
NS_914;290.1832;Baja;Calidad mala;2;0;19.54062521;0.289;16.6
NS_915;277.8991;Baja;Calidad mala;2;0;17.63029752;0.289;16.6
NS_916;359.2245;Baja;Calidad mala;0;0;28.41944236;0.289;16.6
NS_917;350.8656;Baja;Calidad mala;0;0;25.77840627;0.289;16.6
NS_918;364.6598;Baja;Calidad mala;0;0;23.15684604;0.289;16.6
NS_919;350.9499;Baja;Calidad mala;0;0;20.77102099;0.289;16.6
NS_920;142.8138;Media;Calidad mala;13.66666667;287;20.40224817;0.289;16.6
NS_921;110.3258;Alta;Calidad muy mala;3;348;23.62293935;0.2575;15.559
NS_922;117.6851;Baja;Calidad mala;6.666666667;355;22.01265836;0.289;16.6
NS_923;170.063;Baja;Calidad muy mala;5;334;25.08542192;0.205;13.824