x,y,z,area,frec_fracturas,sigma_z,tiraje_prom
776.71803544,259.18513544,1125,286.5643,1.979,11.126392,122.685
811.1434354400001,263.05923544,1125,286.5643,3.07,9.646313,121.178
845.5688354400002,266.93333544,1125,286.5643,3.07,10.590594,118.942
879.9942354400002,270.80743544,1125,286.5643,1.75,10.605144,120.012
914.4196354400004,274.68153544,1125,286.5643,0.67,10.059537,122.787
948.8450354400004,278.55563544,1125,286.5643,1.03,9.66109,124.05
983.2704354400004,282.42973544,1125,285.8573,3.07,10.25135,122.808
1017.6958354400006,286.30383544000006,1125,287.7233,3.07,12.482539,121.286
1052.1212354400006,290.17793544000006,1125,286.9684,3.07,20.386906,119.57
1086.5466354400007,294.05203544000005,1125,285.655,3.07,26.811494,123.548
770.7119354399999,245.42713544,1125,248.9047,1.1048,11.333709,123.145
805.13733544,249.30133544,1125,286.5643,3.07,9.738617,121.504
839.5627354400001,253.17553544000003,1125,248.9047,3.07,9.937101,118.888
873.9881354400002,257.04973544000006,1125,286.5643,1.87,9.865419,119.48
908.4135354400004,260.9239354400001,1125,248.9047,0.67,8.738072,123.251
942.8389354400005,264.7981354400001,1125,286.5643,1.27,8.8261,123.574
977.2643354400004,268.6723354400001,1125,248.9047,3.07,9.345944,123.943
1011.6897354400004,272.5465354400002,1125,287.7015,3.07,11.090267,123.237
1046.1151354400006,276.4207354400002,1125,248.9047,3.07,15.24379,119.939
1080.540535440001,280.29493544000024,1125,285.7422,3.07,24.334748,122.197
1114.9659354400007,284.1691354400002,1125,248.9047,3.07,25.943104,126.022
764.70583544,231.66923544,1125,286.5643,0.921,11.554908,124.543
799.13123544,235.54333544,1125,286.5643,2.701,9.403782,122.68
833.5566354399998,239.41743544,1125,286.5643,3.07,9.523461,119.586
867.9820354399997,243.29153544,1125,286.5643,1.5099999999999998,9.979248,118.674
902.4074354399996,247.16563544,1125,286.5643,0.67,8.252153,123.126
936.8328354399994,251.03973544,1125,286.5643,2.7099999999999995,8.837578,123.928
971.2582354399992,254.91383544,1125,286.5643,3.07,9.105809,124.386
1005.6836354399992,258.78793544,1125,286.5643,3.07,9.969678,125.036
1040.109035439999,262.66203543999995,1125,286.5643,3.07,12.517671,121.94
1074.5344354399988,266.53613543999995,1125,286.5643,3.07,18.479414,122.695
1108.9598354399986,270.41023543999995,1125,286.5643,3.07,25.763218,125.252
758.69973544,217.91123544,1125,286.5643,0.9384,11.68634,126.001
793.12503544,221.78533544,1125,286.5643,2.1211,9.297076,124.466
827.55033544,225.65943544,1125,286.5643,3.07,9.167233,122.056
861.9756354400001,229.53353544,1125,286.5643,1.462,9.612813,117.579
896.4009354400002,233.40763544,1125,286.5643,0.67,8.367423,122.459
930.8262354400003,237.28173544,1125,286.5643,3.07,8.979154,124.293
965.2515354400005,241.15583544,1125,286.5643,3.07,9.543391,125.026
999.6768354400006,245.02993544,1125,286.5643,3.07,9.924914,127.189
1034.102135440001,248.90403544,1125,286.5643,3.07,11.091776,125.718
1068.5274354400008,252.77813544,1125,286.5643,3.07,14.600177,124.67
1102.9527354400009,256.65223544,1125,286.5643,3.07,21.843244,126.931
752.69353544,204.15323544,1125,286.5643,0.978,12.303411,126.697
787.11893544,208.02743544,1125,286.5643,1.15,9.421256,125.989
821.5443354399999,211.90163543999995,1125,286.5643,3.07,9.117396,124.213
855.96973544,215.77583543999992,1125,286.5643,1.75,9.596882,120.103
890.3951354400001,219.6500354399999,1125,286.5643,0.7899999999999999,8.694937,121.321
924.8205354400002,223.52423543999987,1125,286.5643,3.07,9.182778,124.601
959.2459354400004,227.39843543999984,1125,286.5643,3.07,9.753792,125.754
993.6713354400003,231.27263543999985,1125,286.5643,3.07,9.888792,128.909
1028.0967354400004,235.1468354399998,1125,286.5643,3.07,10.398389,129.034
1062.5221354400005,239.02103543999976,1125,286.5643,3.07,12.18624,128.042
1096.9475354400006,242.8952354399997,1125,286.5643,3.07,17.37176,129.443
746.68743544,190.39533544,1125,286.5643,1.02,12.591557,126.339
781.11283544,194.26943544,1125,286.5643,1.0815,9.647094,126.606
815.5382354400001,198.14353544,1125,286.5643,3.07,9.338479,125.792
849.9636354400002,202.01763544,1125,286.5643,2.83,9.717722,122.883
884.3890354400003,205.89173544,1125,286.5643,1.03,9.812729,121.463
918.8144354400004,209.76583544,1125,286.5643,3.07,9.394438,124.664
953.2398354400004,213.63993544,1125,286.5643,3.07,9.803592,126.437
987.6652354400004,217.51403544,1125,286.5643,3.07,10.009258,129.408
1022.0906354400006,221.38813544,1125,286.5643,3.07,10.368793,131.412
1056.516035440001,225.26223544,1125,286.5643,3.07,11.35435,132.087
1090.9414354400008,229.13633544,1125,286.5643,3.07,14.323914,132.358
740.68133544,176.63733543999996,1125,248.9047,0.855,12.53683,125.212
775.10673544,180.51143544,1125,286.5643,1.0002,9.877392,127.386
809.5321354399998,184.38553544000007,1125,248.9047,2.8042,9.467156,126.951
843.9575354399997,188.25963544000007,1125,286.5643,3.07,9.780174,124.219
878.3829354399995,192.13373544000015,1125,248.9047,3.07,9.96433,121.433
912.8083354399994,196.00783544000024,1125,286.5643,3.07,9.417642,124.126
947.2337354399992,199.8819354400003,1125,248.9047,3.07,9.838799,126.815
981.6591354399992,203.75603544000035,1125,286.5643,3.07,10.133683,129.718
1016.084535439999,207.6301354400004,1125,248.9047,3.07,10.45085,132.817
1050.5099354399988,211.50423544000049,1125,286.5643,3.07,10.722946,135.387
1084.9353354399989,215.3783354400005,1125,248.9047,3.07,12.687071,136.789
769.10063544,166.75353544,1125,286.5643,1.02,10.252228,127.2
803.52603544,170.62763544,1125,286.5643,2.2038,9.679259,127.579
837.9514354399998,174.50173544,1125,286.5643,3.07,9.717836,124.994
872.3768354399997,178.37583544,1125,286.5643,3.07,10.151708,121.863
906.8022354399995,182.24993544,1125,286.5643,3.07,9.497151,123.582
941.2276354399994,186.12403544,1125,286.5643,3.07,9.869248,127.371
975.6530354399991,189.99813544,1125,286.5643,3.07,10.147606,129.801
1010.0784354399992,193.87223544,1125,286.5643,3.07,10.400276,133.336
1044.503835439999,197.74633544,1125,286.5643,3.07,10.633411,136.856
1078.9292354399988,201.62043544,1125,286.5643,3.07,11.713286,141.821
763.38883544,153.62383544,1125,286.5643,0.756,10.815964,127.09
797.79603544,157.45673544,1125,286.5643,1.3011,9.918813,128.829
832.2032354399998,161.28963543999998,1125,250.498,3.07,9.696451,125.419
866.6104354399997,165.12253543999998,1125,250.498,3.07,10.250262,122.534
901.0176354399996,168.95543543999997,1125,250.498,3.07,9.57448,123.319
935.4248354399996,172.78833543999997,1125,250.498,3.07,9.825664,127.44
969.8320354399992,176.62123543999996,1125,250.498,3.07,10.090741,129.964
1004.2392354399992,180.45413544,1125,250.498,3.07,10.358648,133.478
1038.646435439999,184.28703543999995,1125,250.498,3.07,10.721687,137.41
1073.053635439999,188.11993543999995,1125,250.498,3.07,11.296876,144.507
1107.4608354399988,191.95283543999997,1125,250.498,3.07,14.061935,145.477
791.85643544,143.93413543999998,1125,306.7354,0.9672,10.120948,130.094
826.2637354399999,147.76703543999997,1125,306.7354,2.455,9.986063,126.15
860.6710354399997,151.59993543999997,1125,306.7354,3.07,10.373969,123.505
895.0783354399996,155.43283543999996,1125,306.7354,3.07,10.588387,124.016
929.4856354399994,159.26573543999996,1125,306.7354,3.07,9.897721,127.401
963.8929354399992,163.09863543999995,1125,306.7354,3.07,10.103796,130.102
998.3002354399993,166.93153543999995,1125,306.7354,3.07,10.407322,133.168
1032.707535439999,170.76443543999994,1125,306.7354,3.07,10.591489,137.581
1067.1148354399988,174.59733543999994,1125,306.7354,3.07,11.025448,144.976
1101.5221354399987,178.43023543999993,1125,306.7354,3.07,12.969192,148.749
1135.9294354399983,182.26313543999996,1125,306.7354,3.07,17.240986,146.857
785.65063544,129.68013543999996,1125,248.9047,0.624,10.379656,130.257
820.0755354400001,133.55313544,1125,295.0845,1.2865,10.085558,127.094
854.5004354400003,137.42613544000005,1125,248.9047,2.8532,10.503823,124.195
888.9253354400005,141.2991354400001,1125,295.0845,3.07,10.668747,124.603
923.3502354400008,145.17213544000015,1125,248.9047,3.07,9.989779,127.862
957.7751354400008,149.0451354400002,1125,295.0845,3.07,10.208138,130.231
992.2000354400012,152.91813544000024,1125,248.9047,3.07,10.421593,132.856
1026.6249354400013,156.7911354400003,1125,295.0845,3.07,10.497944,137.676
1061.0498354400015,160.66413544000034,1125,248.9047,3.07,10.797507,144.534
1095.4747354400015,164.53713544000038,1125,295.0845,3.07,12.100987,151.63
1129.899635440002,168.41013544000043,1125,295.0845,3.07,15.32762,150.895
779.50983544,115.61473544,1125,295.7595,0.3912,11.21621,130.504
813.93433544,119.48663544,1125,295.7595,1.02,10.080811,127.659
848.3588354400001,123.35853543999995,1125,295.7595,2.2865,10.416198,125.001
882.7833354400002,127.23043543999997,1125,295.7595,3.07,10.639042,125.063
917.2078354400004,131.10233543999993,1125,295.7595,3.07,10.026304,128.306
951.6323354400004,134.97423543999992,1125,295.7595,3.07,10.194346,131.134
986.0568354400004,138.8461354399999,1125,295.7595,3.07,10.476528,133.194
1020.4813354400004,142.71803543999988,1125,295.7595,3.07,10.538074,137.745
1054.9058354400006,146.58993543999986,1125,295.7595,3.07,10.678104,144.999
1089.330335440001,150.46183543999985,1125,295.7595,1.87,10.431927,154.359
1123.7548354400008,154.33373543999983,1125,295.7595,3.07,14.211726,155.929
772.97383544,100.64293543999996,1125,347.3086,0.3075,12.016153,131.609
807.39823544,104.51493544,1125,347.3086,0.954,10.28101,128.807
841.8226354399999,108.38693544,1125,347.3086,1.225,10.326178,125.748
876.2470354399998,112.25893544000002,1125,347.3086,1.1225,10.389875,125.538
910.6714354399996,116.13093544000004,1125,347.3086,3.07,10.853342,128.452
945.0958354399996,120.00293544000004,1125,347.3086,3.07,10.165324,131.461
979.5202354399994,123.87493544000006,1125,347.3086,3.07,10.439993,133.505
1013.9446354399992,127.74693544000009,1125,347.3086,3.07,10.577274,137.747
1048.3690354399992,131.6189354400001,1125,347.3086,3.07,10.55411,146.119
1082.793435439999,135.4909354400001,1125,347.3086,0.8380000000000001,10.280532,154.457
1117.217835439999,139.36293544000011,1125,347.3086,1.63,13.366655,161.735
1151.6422354399988,143.23493544000013,1125,347.3086,3.07,18.070922,151.23
800.4830354400001,88.67223544000001,1125,345.9426,0.7230000000000001,10.547006,130.791
834.90633544,92.54163544,1125,345.9426,1.02,10.1693,126.7
869.32963544,96.41103543999998,1125,345.9426,1.6349999999999998,10.30231,126.214
903.75293544,100.28043543999996,1125,345.9426,3.07,10.931555,128.184
938.1762354399998,104.14983543999996,1125,345.9426,3.07,10.154631,131.548
972.5995354399996,108.01923543999992,1125,345.9426,3.07,10.355816,133.596
1007.0228354399997,111.88863543999992,1125,345.9426,3.07,10.578726,136.832
1041.4461354399996,115.7580354399999,1125,345.9426,3.07,10.508075,145.316
1075.8694354399995,119.62743543999989,1125,345.9426,0.766,10.67731,152.903
1110.2927354399994,123.49683543999988,1125,345.9426,0.67,10.875177,167.036
1144.7160354399994,127.36623543999984,1125,345.9426,2.878,15.935473,155.854
794.12883544,74.12163543999998,1125,272.8603,0.558,11.262321,132.219
828.55213544,77.99103543999996,1125,272.8603,0.9738,10.284748,127.386
862.9754354400002,81.86043543999995,1125,272.8603,1.02,10.249886,126.422
897.3987354400003,85.72983543999993,1125,272.8603,2.25,10.963632,128.027
931.8220354400004,89.59923543999992,1125,272.8603,3.07,10.14505,131.025
966.2453354400006,93.4686354399999,1125,272.8603,3.07,10.45862,133.086
1000.6686354400008,97.33803543999989,1125,272.8603,3.07,10.553826,135.029
1035.091935440001,101.20743543999988,1125,272.8603,3.07,10.59907,142.827
1069.515235440001,105.07683543999984,1125,272.8603,0.7180000000000001,10.7541,150.934
1103.9385354400013,108.94623543999984,1125,272.8603,0.67,10.523527,165.415
1138.3618354400014,112.81563543999982,1125,272.8603,2.278,13.659242,159.957
1172.7851354400016,116.6850354399998,1125,272.8603,3.07,19.002368,145.761
788.34343544,60.866735440000014,1125,271.301,0.492,12.190162,130.462
822.76793544,64.73873543999997,1125,271.301,0.9738,10.39971,128.276
857.1924354399998,68.61073543999993,1125,271.301,1.02,10.365419,126.702
891.6169354399997,72.48273543999989,1125,271.301,1.02,10.769198,128.441
926.0414354399996,76.35473543999984,1125,271.301,3.029,10.871436,130.184
960.4659354399994,80.2267354399998,1125,271.301,3.07,10.454398,132.21
994.8904354399992,84.09873543999976,1125,271.301,3.07,10.553553,133.789
1029.314935439999,87.97073543999971,1125,271.301,3.07,10.703747,139.211
1063.739435439999,91.84273543999969,1125,271.301,0.8620000000000001,10.897721,148.311
1098.1639354399988,95.71473543999964,1125,271.301,0.67,10.721166,159.969
1132.5884354399986,99.5867354399996,1125,271.301,1.63,12.80363,160.276
1167.0129354399985,103.45873543999954,1125,271.301,3.07,16.840734,147.386
783.14913544,48.96823544,1125,194.7098,0.417,12.606192,128.552
817.5735354399999,52.84013543999998,1125,194.7098,1.02,10.589046,128.598
851.9979354399998,56.712035439999966,1125,194.7098,0.9672,10.466927,127.035
886.4223354399996,60.58393543999995,1125,194.7098,1.02,10.516921,128.966
920.8467354399996,64.45583543999993,1125,194.7098,2.3525,11.011858,130.115
955.2711354399994,68.32773543999991,1125,194.7098,3.07,10.313199,131.91
989.6955354399992,72.1996354399999,1125,194.7098,3.07,10.513327,132.855
1024.1199354399992,76.07153543999988,1125,194.7098,3.07,10.751258,136.714
1058.544335439999,79.94343543999986,1125,194.7098,1.99,10.926543,146.256
1092.968735439999,83.81533543999984,1125,194.7098,0.67,10.901688,156.536
1127.3931354399988,87.68723543999982,1125,194.7098,1.03,11.635864,156.614
1161.817535439999,91.5591354399998,1125,194.7098,3.07,14.181527,148.208
778.53473544,38.39803544,1125,194.7749,0.213,13.082364,127.394
812.95903544,42.26983544000001,1125,194.7749,1.02,10.780535,126.879
847.3833354399999,46.141635440000016,1125,194.7749,0.9606,10.210907,127.646
881.8076354399998,50.01343544000002,1125,194.7749,1.02,10.294438,129.597
916.2319354399996,53.88523544000003,1125,194.7749,1.7374999999999998,11.086905,130.502
950.6562354399996,57.75703544000004,1125,194.7749,3.07,10.218948,131.66
985.0805354399996,61.628835440000046,1125,194.7749,3.07,10.454408,131.664
1019.5048354399994,65.50063544000005,1125,194.7749,3.07,10.735662,135.902
1053.9291354399993,69.37243544000006,1125,194.7749,2.782,10.934958,144.861
1088.3534354399992,73.24423544000007,1125,194.7749,0.67,10.957827,151.909
1122.777735439999,77.11603544000008,1125,194.7749,0.67,11.384472,153.326
1157.202035439999,80.98783544000008,1125,194.7749,3.046,13.594618,146.909
772.76363544,25.17783544,1125,347.3801,0.171,13.784659,125.779
807.1875354399999,29.048535439999966,1125,347.4369,0.893,11.160853,126.281
841.6114354399999,32.919235439999966,1125,347.4937,0.954,10.272857,127.348
875.99993544,36.78593544,1125,346.7385,1.02,10.183587,129.744
911.95743544,40.67863544,1125,384.409,1.2795,10.97444,130.962
946.04693544,43.84083543999998,1125,369.2179,3.07,10.99742,130.838
979.03553544,48.24383544,1125,355.0905,3.07,10.408388,131.103
1013.66523544,52.26603544,1125,345.3233,3.07,10.610503,133.842
1048.11103544,56.13783544,1125,350.7341,2.878,10.900858,140.466
1082.66133544,60.023435440000014,1125,347.8899,0.91,11.177424,146.791
1117.08493544,63.89403543999998,1125,347.9437,0.67,11.357841,147.734
1151.49893544,67.76383543999998,1125,347.7794,2.7099999999999995,12.951957,143.432
1185.93353544,71.63563543999999,1125,348.5064,3.07,18.208534,140.967
1190.80953544,84.68213543999997,1125,183.5212,3.07,20.67544,141.254
1008.46513544,36.05573543999998,1125,356.6527,3.07,10.61313,132.08
1042.18653544,40.61073543999999,1125,327.8829,3.07,11.076346,135.874
1075.72863544,44.14333543999999,1125,347.5109,1.102,11.28079,139.78
1110.15153544,48.01243543999999,1125,347.5007,0.67,11.445603,138.665
1144.55963544,51.88113543999998,1125,347.1665,2.23,12.383657,139.419
1178.98713544,55.75113543999999,1125,347.9204,3.07,14.637202,139.888
1067.93083544,22.70643543999998,1125,582.6417,0.982,11.364854,128.731
1104.09713544,32.67963543999997,1125,318.7125,0.67,11.306879,134.366
1137.62683544,36.01243543999999,1125,346.7384,1.5579999999999998,11.92782,136.215
1172.04763544,39.88163543999997,1125,347.5763,3.07,13.343966,139.763
1097.56363544,17.44563543999999,1125,340.3037,0.67,11.30514,129.693
1130.26873544,19.917035439999974,1125,356.1888,1.99,11.912042,133.7
1165.10803544,24.012235439999984,1125,347.8512,3.07,12.549032,138.697
1199.55963544,27.88463544000001,1125,347.7819,3.07,18.212688,138.084
1126.76553544,-4.585064560000006,1125,662.9659,2.7099999999999995,11.664697,132.977
1156.73893544,7.460435439999998,1125,359.9252,3.07,12.169158,138.294
1193.20033544,13.332735439999992,1125,271.6626,3.07,15.339384,139.246
1220.13033544,2.094235439999977,1125,234.093,3.07,19.857432,139.703
766.31513544,9.480235439999973,1125,341.1232,0.15,11.763754,126.536
800.25803544,13.176335439999974,1125,347.5113,0.5605,12.298926,125.992
834.6815354400001,17.046035439999997,1125,347.5113,1.0094999999999998,10.571246,127.304
869.0697354399999,20.911735439999973,1125,346.7024,0.954,10.189331,129.632
908.23543544,25.262035439999977,1125,457.145,0.733,10.884682,131.447
793.32843544,-2.6971645600000045,1125,347.5113,0.3225,12.818946,125.129
827.7518354399999,1.17253543999999,1125,347.5113,1.02,10.97139,127.588
862.14023544,5.038335439999997,1125,346.7053,0.954,10.283327,130.307
903.67073544,10.03153544,1125,502.4422,0.6980000000000001,10.931491,131.38
786.39873544,-18.57066456000001,1125,347.5113,0.1668,13.637696,123.754
820.82223544,-14.700964560000015,1125,347.5113,0.822,11.356955,127.081
855.21073544,-10.83516456000001,1125,346.7083,0.954,10.396649,130.978
889.5997354399999,-6.9693645600000025,1125,347.5262,0.67,9.792955,131.943
813.89263544,-30.57436456000002,1125,347.5113,0.4589999999999999,11.890614,126.396
848.2811354400001,-26.708664560000017,1125,346.7112,0.9408,10.500686,131.003
882.67073544,-22.84276456000001,1125,347.5342,0.6839999999999999,10.155538,132.993
806.96153544,-46.450364560000025,1125,347.6489,0.3432,12.56919,125.475
841.3506354399999,-42.58346456000001,1125,346.793,0.756,10.8109,130.39
875.7411354399999,-38.71656456000002,1125,347.5627,0.6701,10.403144,133.006
800.0310354400001,-62.326464560000005,1125,347.5224,0.2823,13.327207,124.752
834.42083544,-58.45856456000001,1125,346.7282,0.4128,11.037182,129.952
868.81223544,-54.59056456000002,1125,347.5614,0.6771,10.488358,132.808
793.10123544,-78.20046456,1125,347.5224,0.2193,14.17906,124.41
827.4910354399999,-74.33256456000001,1125,346.7312,0.36,11.724161,129.081
861.88293544,-70.46446456000001,1125,347.5694,0.5925,10.758998,132.856
820.56133544,-90.20656456,1125,346.7341,0.3536999999999999,12.277407,128.369
854.95363544,-86.33846456,1125,346.5774,0.515,10.987801,132.738
813.6315354399999,-106.08056456,1125,346.737,0.2907,12.997998,127.161
848.0244354399999,-102.21236456,1125,347.5854,0.4623,11.016996,132.366
806.70183544,-121.95446456000002,1125,346.74,0.2193,13.773758,126.417
841.0951354399999,-118.08626456000002,1125,347.5934,0.4157999999999999,11.109148,131.192
799.77213544,-137.82846456,1125,346.7429,0.171,12.472388,125.673
834.1658354399999,-133.96016456,1125,347.6014,0.3786,12.440467,128.854
792.93983544,-153.66356456,1125,344.7509,0.15,12.742539,126.318
827.2366354400001,-149.83406456,1125,347.6095,0.3515999999999999,13.723978,127.105
1216.34603544,-12.42936456000001,1125,302.8804,3.07,18.097824,141.759
1187.88053544,-6.37626456000001,1125,545.5652,3.07,14.204713,142.089
1214.39313544,-27.261464560000007,1125,274.5984,3.07,16.840288,144.951
1158.83663544,-11.12746456000002,1125,379.4852,3.07,11.927242,141.414
1185.72543544,-28.80896456000002,1125,378.3154,3.07,13.017011,147.062
1216.49073544,-45.605864560000015,1125,387.137,3.07,15.252006,149.176
1097.87873544,2.0016354399999727,1125,256.3878,0.67,11.30256,127.051
1155.54143544,-29.29866456000002,1125,347.4686,3.07,11.826748,142.423
1185.54143544,-46.60916456000001,1125,347.4686,3.07,13.552458,148.523
1215.52343544,-63.909264560000025,1125,346.9947,3.07,15.290983,150.685
1245.50383544,-81.22506456000002,1125,346.5932,3.07,18.613834,150.759
1037.87203544,22.089835439999973,1125,411.2457,3.07,10.998468,132.088
1066.19573544,1.667335439999988,1125,269.2102,0.8140000000000001,11.413044,125.868
1096.06173544,-12.69596456000002,1125,323.3559,0.67,11.373344,125.069
1125.54413544,-29.304264560000007,1125,347.2899,3.07,11.473206,131.477
1155.51683544,-46.59886456000001,1125,293.8207,3.07,11.720387,143.23
1185.54143544,-63.928664560000016,1125,347.5475,3.07,12.835124,149.457
1213.36973544,-78.83086456000001,1125,262.9228,3.07,14.198794,150.651
1244.13193544,-101.23386456,1125,452.7101,3.07,17.807822,152.956
1007.85493544,20.04323543999999,1125,253.29,3.07,10.646755,130.896
1034.55563544,4.835535439999973,1125,284.4768,3.07,10.680527,129.461
1066.56453544,-13.347764560000002,1125,299.7789,0.7180000000000001,11.395325,123.447
1095.54023544,-29.285964560000025,1125,347.3198,0.67,11.339144,123.509
1125.54023544,-46.61076456000001,1125,347.0996,3.07,11.435732,131.234
1155.54293544,-63.93226456000002,1125,347.1385,3.07,11.716574,143.421
1185.54293544,-81.24786456000001,1125,347.4058,3.07,12.497832,150.064
1214.18933544,-94.41486456,1125,308.4705,3.07,13.746409,150.939
977.22593544,26.608835440000007,1125,518.0846,3.07,10.490681,128.848
1005.54143544,5.3580354399999806,1125,347.5447,3.07,10.670244,128.792
1035.54143544,-11.96246456,1125,347.5389,3.07,10.726834,124.418
1065.54143544,-29.28306456000001,1125,347.5331,0.67,11.366296,121.708
1094.56593544,-46.26316456000001,1125,320.3778,0.91,11.604478,123.143
1125.54143544,-63.924064560000005,1125,347.5216,3.07,11.404776,131.11
1155.54143544,-81.24466456000002,1125,347.5159,3.07,11.613894,143.822
1183.39513544,-96.17606456,1125,263.6883,3.07,12.109553,150.365
1215.53243544,-109.27146456,1125,264.8429,3.07,13.372069,151.56
947.46873544,23.652735439999987,1125,394.0115,3.07,11.035821,130.456
975.54143544,5.357435439999989,1125,347.5182,3.07,10.537116,128.992
1005.54143544,-11.962964560000016,1125,347.5182,3.07,10.766645,125.102
1035.54143544,-29.283364560000024,1125,347.5182,3.07,10.734241,121.665
1065.54143544,-46.603864560000005,1125,347.5182,0.67,11.343471,122.006
1096.49353544,-64.24756456,1125,320.9761,1.03,11.729744,124.206
1125.54143544,-81.24466456000002,1125,347.5182,3.07,11.454708,130.416
1153.39093544,-96.18926456000004,1125,264.3978,3.07,11.498384,141.43
1184.17903544,-111.76566456000002,1125,308.8002,3.07,12.208368,149.785
945.54143544,5.357335439999986,1125,347.5182,2.9675,11.062359,131.294
975.54143544,-11.96306456000002,1125,347.5182,3.07,10.607454,128.587
1005.54143544,-29.283464560000027,1125,347.5182,3.07,10.804725,122.773
1034.56473544,-46.26246456000001,1125,320.3424,3.07,10.695924,121.992
1065.54143544,-63.92426456000001,1125,347.5182,0.8620000000000001,11.508359,121.976
1095.54143544,-81.24476456000002,1125,347.5182,1.27,11.623,124.122
1125.54143544,-98.56516456,1125,347.5182,3.07,11.544654,129.256
1155.34193544,-113.38836456,1125,337.6002,3.07,11.655068,140.914
920.75463544,-7.28496456000002,1125,362.4596,0.915,10.920211,131.253
945.54143544,-11.96306456000002,1125,347.5182,2.5575,11.124364,131.9
975.54143544,-29.28356456,1125,347.5182,3.07,10.68769,128.711
1005.54143544,-46.60396456000001,1125,347.5182,3.07,10.824574,122.058
1036.49353544,-64.24766456,1125,320.9761,3.07,10.601426,121.704
1065.54143544,-81.24476456000002,1125,347.5182,1.27,11.518667,122.285
1093.34533544,-96.15276456,1125,263.0667,1.75,11.415016,124.372
1123.71723544,-116.54556456000002,1125,344.1771,3.07,11.558713,128.134
945.54143544,-29.28356456,1125,347.5182,2.045,11.15005,133.514
974.56473544,-46.262564560000015,1125,320.3424,3.07,11.583614,128.522
1005.54143544,-63.92446456000002,1125,347.5182,3.07,10.879264,122.755
1035.54143544,-81.24486456000002,1125,347.5182,3.07,10.641264,122.654
1063.26453544,-95.96196456,1125,254.5414,2.11,11.466578,123.151
1094.22163544,-111.74136456,1125,308.6465,2.59,11.317492,124.39
915.50143544,-26.90026456000001,1125,360.2373,0.915,10.877794,133.064
945.54143544,-46.60406456000001,1125,347.5182,1.5325,11.154637,133.499
976.49373544,-64.24766456,1125,320.965,3.07,11.705735,128.004
1005.54143544,-81.24496456,1125,347.5182,3.07,10.799206,124.411
1035.54143544,-98.56536456,1125,347.5182,3.07,10.805824,124.421
1064.58873544,-112.09696456000002,1125,341.5137,2.278,11.418712,123.896
1095.53613544,-124.68206456,1125,164.8006,2.974,11.409317,125.286
911.97903544,-43.36026456000002,1125,463.5349,0.915,10.80507,134.009
945.54143544,-63.92456456000002,1125,347.5182,1.184,11.167214,134.164
975.54143544,-81.24496456,1125,347.5182,3.07,11.560717,130.105
1005.54143544,-98.56546456,1125,347.5182,3.07,10.667639,126.889
1033.53933544,-113.55366456000002,1125,267.0715,3.07,11.139114,126.685
1065.18593544,-126.79206456,1125,224.1113,2.902,11.093893,125.54
894.69243544,-53.81156456000002,1125,194.5996,0.7225,10.692772,132.638
914.96823544,-64.74736456000002,1125,402.8193,0.915,10.849301,133.636
945.54153544,-81.24706456000001,1125,347.6226,0.999,11.034975,135.505
975.54153544,-98.56796456,1125,347.6434,2.824,11.432449,131.416
1003.31313544,-113.39966456000002,1125,259.5254,3.07,11.775205,129.683
1033.98963544,-128.86696456,1125,295.2088,3.07,11.126177,129.414
889.3201354400001,-69.67686456000001,1125,177.2647,0.67,10.623645,130.217
916.71943544,-82.77906456000002,1125,294.767,0.67,10.875159,134.591
945.54143544,-98.56966456,1125,347.5222,1.02,10.966721,135.888
975.54143544,-115.89086456,1125,347.5222,1.7374999999999998,11.248993,132.44
1005.31403544,-130.45996456,1125,327.4237,3.07,11.562622,131.858
886.82303544,-84.88736456000001,1125,309.243,0.67,10.589036,133.073
915.54083544,-98.56876456,1125,347.5735,0.7575000000000001,10.800876,135.724
945.54133544,-115.89006456,1125,347.5111,1.02,10.959988,135.331
973.66033544,-133.51856456000002,1125,326.4805,1.143,11.24057,133.064
883.44283544,-101.16776456000002,1125,400.9407,0.67,10.675068,133.948
913.40213544,-113.46606456,1125,261.9976,0.915,10.731359,134.734
944.12003544,-135.74656456000002,1125,422.3596,1.02,10.954284,134.688
880.1025354399999,-121.69476456,1125,707.4252,0.7050000000000001,10.7365,133.615
914.53633544,-129.03176456,1125,309.453,1.02,10.744305,133.69
857.71333544,-143.71426456,1125,460.3496,0.608,10.893062,132.48
884.22513544,-144.90076456000003,1125,329.3654,0.7155,10.638149,133.557
915.16443544,-143.60446456,1125,246.5711,1.02,10.762306,133.698
789.2033354399999,-168.95246456,1125,272.087,0.15,13.066616,127.924
820.31033544,-165.70116456000002,1125,347.2217,0.297,14.963682,126.71
854.38733544,-163.45646456000003,1125,249.7975,0.484,11.395194,130.81
885.2972354399999,-159.47976456,1125,237.7749,0.67,10.686178,133.293
915.07273544,-156.38546456,1125,225.246,1.02,10.718178,134.09
945.10633544,-152.94186456,1125,228.2101,1.02,10.958857,134.935
975.18113544,-149.44786456000003,1125,233.8187,1.02,11.212114,134.674
1005.24583544,-146.10816456000003,1125,232.3463,3.0085,11.522713,134.388
1035.25033544,-142.73606456000002,1125,231.8186,3.07,11.114281,132.219
1065.24933544,-139.36286456000002,1125,231.7818,3.07,11.281858,127.693
1095.26363544,-135.98956456000002,1125,231.7073,3.07,11.507067,126.351
1125.25543544,-132.62176456000003,1125,231.3888,3.07,11.53434,129.905
1155.26103544,-129.24326456,1125,231.6171,3.07,11.832333,142.116
1185.25783544,-125.86426456,1125,231.8941,3.07,11.92237,150.512
1215.22193544,-122.50066456000002,1125,231.1914,3.07,12.842508,152.75
1245.18773544,-119.25076456,1125,224.895,3.07,15.3359,153.868
1275.17243544,-116.06736456000002,1125,214.5714,3.07,18.771196,149.95
1275.05063544,-95.65306456000002,1125,644.9389,3.07,22.167532,148.145
825.9113354399999,-178.99206456000002,1125,234.0911,0.3179999999999999,14.674816,128.247
855.5943354399999,-175.45846456,1125,226.7466,0.4705,11.397086,130.393
886.14303544,-172.06696456000003,1125,226.5964,0.67,10.699494,132.211
916.00563544,-168.83606456,1125,232.6882,1.02,10.683026,135.054
945.94333544,-165.42906456000003,1125,230.8689,1.02,10.967338,135.718
975.88643544,-162.06206456,1125,230.8391,1.02,11.20798,137.104
1005.88263544,-158.68876456,1125,230.8411,2.66,11.521436,136.935
1028.85123544,-155.78646456,1125,118.083,3.07,11.635316,137.025
1044.91993544,-155.19016456000003,1125,85.475,3.07,11.173072,133.432
1065.87443544,-151.93346456,1125,230.7426,3.07,11.357562,130.169
1095.88863544,-148.56796456,1125,230.8994,3.07,11.470492,128.258
1125.89013544,-145.19306456,1125,230.8686,3.07,11.618442,130.925
1155.88453544,-141.81976456,1125,230.8866,3.07,11.724046,145.112
1185.88513544,-138.44606456000002,1125,230.8791,3.07,11.738537,153.486
1215.86423544,-135.07256456000002,1125,230.535,3.07,12.545528,155.813
1245.85673544,-131.52866456,1125,220.3039,3.07,14.37673,157.455
1276.07723544,-125.98836456,1125,101.8166,2.9979999999999998,17.41698,151.63
1457.50403544,-92.00306456,1125,441.6789,0.67,29.742796,150.481
1426.91753544,-93.32626456000004,1125,495.838,0.67,27.99595,150.044
1455.49493544,-111.85976456000002,1125,418.5774,0.67,25.500026,151.738
1396.65093544,-94.59596456000004,1125,559.2209,1.99,25.615528,149.462
1425.49493544,-114.53836456000002,1125,417.912,0.67,22.97376,152.188
1455.48403544,-131.84596456000003,1125,418.1283,0.67,20.824202,154.081
1366.41723544,-94.68976456,1125,557.4125,3.07,26.730452,147.198
1395.50543544,-117.22296456,1125,418.2447,1.27,20.264242,152.004
1425.29973544,-134.94456456,1125,371.8967,0.67,15.674058,157.104
1455.70403544,-151.91716456,1125,411.8297,0.67,17.702734,158.901
1336.63703544,-94.48256456,1125,550.7097,3.07,27.14646,145.482
1365.64753544,-119.40206456,1125,442.7534,1.87,20.520124,148.123
1395.50543544,-137.22246456000002,1125,418.2447,0.577,17.6872,156.254
1425.44623544,-154.53286456,1125,416.3466,0.67,15.24763,160.875
1455.54173544,-171.91356456,1125,417.0054,0.67,17.209536,163.58
1306.06473544,-94.06496456000002,1125,526.795,3.07,25.1711,145.567
1335.50543544,-115.87946456000002,1125,347.5708,2.47,20.350308,144.021
1365.50543544,-139.90106456,1125,418.2447,0.4684999999999999,16.774658,151.638
1395.50543544,-157.22206456,1125,418.2447,0.422,14.798608,159.043
1425.49493544,-174.53696456,1125,417.912,0.608,14.639607,162.904
1455.21063544,-191.65986456,1125,409.466,0.67,17.234518,165.577
1306.45763544,-116.19506456000002,1125,321.0163,2.83,19.039814,144.762
1335.50543544,-133.20256456,1125,347.5708,0.8620000000000001,16.902228,145.604
1305.50543544,-133.19476456,1125,347.5708,1.2194999999999998,15.612353,147.087
1335.50543544,-150.52566456,1125,347.5708,0.3723999999999999,14.335839,148.862
1365.50543544,-159.90066456,1125,418.2447,0.3817,13.592937,155.526
1395.50543544,-177.22166456000002,1125,418.2447,0.36,13.646062,159.143
1425.44253544,-194.47726456,1125,416.1984,0.36,13.933346,165.521
1455.30583544,-211.77076456,1125,411.6698,0.36,17.64919,166.177
1276.43983544,-137.77586456,1125,325.7885,0.8620000000000001,15.384091,154.861
1305.50543544,-150.51786456000002,1125,347.5708,0.6235,14.098868,151.248
1335.50543544,-167.84876456,1125,347.5708,0.4375,13.226876,152.01
1365.50543544,-179.90016456,1125,418.2447,0.3662,12.630471,157.144
1395.16953544,-196.95246456,1125,407.4319,0.36,12.003809,160.681
1425.12113544,-214.36696456,1125,417.4628,0.36,14.071499,167.836
1455.32523544,-231.71626456,1125,413.0683,0.515,17.525384,167.412
1276.47793544,-154.09946456,1125,280.3284,0.67,13.420876,158.827
1305.50543544,-167.84096456,1125,347.5708,0.6204,12.886694,153.262
1335.50543544,-185.17186456,1125,347.5708,0.67,12.741672,153.395
1365.50543544,-199.89976456,1125,418.2447,0.4065,11.994688,157.365
1395.10923544,-217.09656456,1125,404.8439,0.36,12.931956,164.643
1425.33493544,-234.33276456,1125,408.1979,0.36,12.548332,169.693
1455.23753544,-251.69506456,1125,403.5551,0.5677000000000001,19.166148,167.851
1247.04883544,-148.74496456000003,1125,412.3023,3.07,13.609422,161.963
1276.77073544,-169.71376456000002,1125,306.2888,0.766,12.423039,160.823
1305.55423544,-185.63406456,1125,370.8823,0.67,12.393524,155.162
1335.55303544,-203.14116456,1125,380.2255,0.67,12.557444,154.115
1365.48483544,-219.88556456,1125,364.5058,0.577,11.97665,159.573
1395.50543544,-237.22026456,1125,418.2447,0.36,13.298955,168.761
1425.30203544,-254.95046456,1125,371.5777,0.4065,14.279506,172.583
1455.22913544,-266.57676456,1125,140.8213,0.67,19.930706,166.094
1215.52483544,-148.75856456000002,1125,289.114,3.07,12.251123,154.209
1245.45263544,-167.89286456000002,1125,342.3805,3.07,12.839014,160.053
1275.45113544,-185.39986456000003,1125,333.0373,0.8140000000000001,12.457664,160.936
1305.44953544,-202.90676456,1125,323.6942,0.91,12.232873,155.182
1335.44793544,-220.41366456,1125,314.351,0.934,7.7314435,156.215
1364.47663544,-239.11266456,1125,384.4105,0.515,13.150118,164.472
1394.85003544,-256.91906456000004,1125,396.738,0.36,13.128524,171.906
1425.12953544,-274.44746456,1125,398.4451,0.3941,16.411445,177.363
1455.55903544,-291.91456456000003,1125,411.5049,0.6576,21.80018,162.273
1187.47263544,-153.17036456,1125,332.8679,3.07,11.725648,150.983
1217.16023544,-166.57576456,1125,379.2604,3.07,12.048356,151.578
1245.50543544,-185.14846456,1125,347.5708,3.07,12.472759,159.085
1275.50543544,-202.47936456,1125,347.5708,3.07,12.31398,158.646
1305.46513544,-219.26126456,1125,293.3854,3.07,12.582754,154.951
1335.50543544,-237.14116456,1125,347.5708,2.782,12.051392,160.562
1366.53523544,-260.68436456,1125,384.3819,0.453,13.181592,172.285
1395.53143544,-277.20596456,1125,399.9477,0.36,13.802575,177.367
1425.47453544,-294.58336456,1125,394.6332,0.4684999999999999,16.542874,180.18
1155.62943544,-155.97246456000002,1125,314.6873,3.07,11.597455,143.464
1186.68723544,-169.35596456000002,1125,294.6298,3.07,11.678082,147.611
1215.52343544,-185.15106456,1125,347.0968,3.07,11.998484,148.281
1245.50543544,-202.47156456,1125,347.5708,3.07,12.282398,156.86
1275.50543544,-219.80246456,1125,347.5708,3.07,12.356248,156.586
1305.50543544,-237.13336456,1125,347.5708,3.07,12.541589,157.828
1335.50543544,-254.46426456,1125,347.5708,0.7899999999999999,11.862323,167.268
1365.30713544,-279.84096456000003,1125,400.4616,0.6359,13.357908,183.025
1395.42963544,-297.16626456,1125,395.8106,0.36,14.000846,186.032
1425.79143544,-314.68676456000003,1125,405.2155,0.6390000000000001,19.463798,178.91
1125.53843544,-157.76206456,1125,230.0665,3.07,11.751993,132.622
1156.69493544,-171.96676456,1125,319.6767,3.07,11.842458,142.587
1185.54143544,-185.15376456,1125,347.5708,3.07,11.676646,143.197
1215.52343544,-202.47426456,1125,347.0968,3.07,11.935604,145.914
1245.46513544,-219.24566456,1125,293.3854,3.07,12.094623,153.932
1275.50543544,-237.12566456,1125,347.5708,3.07,12.337627,156.839
1305.50543544,-254.45646456000003,1125,347.5708,3.07,11.886205,162.185
1335.11773544,-271.64746456,1125,337.0578,0.8620000000000001,12.681074,173.899
1365.34803544,-299.82666456000004,1125,394.8588,0.5615000000000001,14.019758,194.186
1395.43683544,-317.33066456,1125,385.7444,0.36,16.127792,189.491
1425.82113544,-334.74746456,1125,396.698,0.608,21.868306,176.45
1096.99703544,-165.86066456,1125,411.6741,3.07,11.392666,130.898
1126.85283544,-171.93796456,1125,307.0214,3.07,11.746046,135.61
1157.76203544,-187.66476456,1125,258.2532,3.07,11.666833,141.511
1185.54143544,-202.47686456,1125,347.5708,3.07,11.837965,140.359
1215.52343544,-219.79736456,1125,347.0968,3.07,11.915539,145.033
1245.50543544,-237.11786456,1125,347.5708,3.07,12.225517,153.879
1275.50543544,-254.44876456000003,1125,347.5708,3.07,12.279129,158.59
1305.50543544,-271.77966456,1125,347.5708,3.07,11.852078,168.517
1335.25783544,-289.00646456000004,1125,340.806,1.198,12.99572,180.674
1127.68883544,-187.52166456,1125,264.0662,3.07,11.628081,140.177
1155.54143544,-202.46906456,1125,347.5708,3.07,11.71252,141.546
1185.54143544,-219.79996456,1125,347.5708,3.07,11.893932,139.599
1215.54143544,-237.13086456,1125,347.5708,3.07,12.231626,147.091
1245.54143544,-254.46176456,1125,347.5708,3.07,12.349014,155.331
1275.54143544,-271.79266456,1125,347.5708,3.07,11.901225,161.698
1305.54143544,-289.12356456000003,1125,347.5708,3.07,12.36417,176.449
1334.98193544,-306.10856456,1125,333.4549,1.342,12.975298,188.58
1365.40183544,-319.97546456000003,1125,367.126,0.4375,14.317188,201.307
1395.56503544,-337.37966456000004,1125,392.4397,1.582,18.739994,188.6
1067.45673544,-167.64916456000003,1125,332.0348,3.07,11.253051,134.234
1095.54143544,-185.13036456,1125,347.5708,3.07,11.351449,139.345
1125.54143544,-202.46126456,1125,347.5708,3.07,11.584586,144.276
1155.54143544,-219.79216456,1125,347.5708,3.07,11.743467,141.28
1185.54143544,-237.12306456,1125,347.5708,3.07,11.890384,140.366
1215.54143544,-254.45396456000003,1125,347.5708,3.07,12.568784,147.839
1245.54143544,-271.78486456,1125,347.5708,3.07,12.042667,156.162
1275.54143544,-289.11576456000006,1125,347.5708,3.07,11.751577,165.626
1305.54143544,-306.44666456000004,1125,347.5708,3.07,12.772992,183.212
1335.38363544,-323.68806456000004,1125,344.1482,0.8140000000000001,13.834687,194.568
1366.15173544,-340.52886456,1125,312.4905,0.4623,16.586411,197.02
1026.16223544,-171.98496456,1125,114.6706,3.07,11.668978,140.567
1041.97033544,-170.96496456,1125,204.324,3.07,11.792072,138.422
1065.54143544,-185.12256456,1125,347.5708,3.07,11.054671,141.388
1095.54143544,-202.45346456,1125,347.5708,3.07,11.345451,148.162
1125.54143544,-219.78436456000003,1125,347.5708,2.878,11.607873,148.474
1155.54143544,-237.11526456,1125,347.5708,2.758,11.827956,141.868
1184.59033544,-254.12556456,1125,321.0316,3.07,12.091977,141.993
1215.52343544,-271.76666456000004,1125,347.0968,3.07,12.116236,149.621
1245.50543544,-289.08716456,1125,347.5708,3.07,11.85825,155.972
1275.48743544,-306.40766456,1125,347.5708,3.07,12.424726,169.27
1305.46943544,-323.72816456,1125,347.5708,2.95,12.804352,183.237
1334.88303544,-340.93056456,1125,329.9498,1.126,14.988068,189.962
1365.49253544,-359.77066456,1125,380.6105,0.6514,19.175134,188.665
1038.88373544,-187.29406456,1125,258.4598,3.07,11.846504,143.435
1065.54143544,-202.44566456,1125,347.5708,3.07,11.028378,149.254
1095.54143544,-219.77656456000005,1125,347.5708,2.782,11.393072,155.286
1125.50113544,-236.55836456,1125,293.3854,0.67,11.650854,151.24
1155.54143544,-254.43836456,1125,347.5708,2.47,11.798931,143.883
1186.49363544,-272.09266456,1125,321.0156,3.07,7.4140615,147.142
1215.52343544,-289.08976456,1125,347.0968,3.07,11.767108,151.404
1245.46513544,-305.86116456,1125,293.3842,3.07,11.661325,157.555
1275.50543544,-323.74116456,1125,347.5708,2.878,12.365419,173.449
1305.42473544,-340.46046456,1125,291.8776,2.7099999999999995,12.934743,180.418
1334.62633544,-357.96426456,1125,324.0947,0.742,16.405109,186.692
1365.54013544,-379.89806456,1125,366.4255,0.67,21.237704,172.921
1006.93663544,-172.43766456000003,1125,290.3454,2.045,11.521729,139.65
976.84893544,-176.23046456000003,1125,313.0193,1.02,11.170448,139.945
1006.27833544,-188.13926456,1125,320.1191,1.6349999999999998,11.477843,143.35
1035.54143544,-202.43786456,1125,347.5708,3.07,11.856272,148.07
1065.54143544,-219.76876456,1125,347.5708,3.07,11.989783,157.087
1095.54143544,-237.09966456,1125,347.5708,3.07,11.379104,163.283
1125.54143544,-254.43056456,1125,347.5708,2.7099999999999995,11.55859,155.201
1155.54143544,-271.76146456000004,1125,347.5708,3.07,11.83565,148.991
1185.54143544,-289.09236456,1125,347.5708,3.07,12.05609,153.49
1215.54143544,-306.42326456,1125,347.5708,3.07,11.63531,155.549
1245.54143544,-323.75416456,1125,347.5708,3.07,11.833009,161.753
1275.54143544,-341.08506456,1125,347.5708,2.5420000000000003,12.183248,180.673
1305.54143544,-358.41596456,1125,347.5708,2.35,13.587652,192.489
1334.86703544,-375.43896456,1125,330.4075,0.67,18.1916,181.396
1363.99793544,-398.63636456,1125,276.2501,0.67,22.721298,164.613
976.65053544,-190.30956456,1125,207.8103,1.02,11.09786,143.224
1006.70863544,-204.02556456,1125,291.5862,1.4505,11.45178,147.02
1035.54143544,-219.76096456,1125,347.5708,3.07,12.028594,153.329
1065.54143544,-237.09186456,1125,347.5708,3.07,11.926316,162.557
1095.54143544,-254.42276456,1125,347.5708,3.07,11.335372,169.127
1125.54143544,-271.75366456,1125,347.5708,3.07,11.55767,158.892
1155.54143544,-289.08456456,1125,347.5708,3.07,12.001034,154.526
1185.54143544,-306.41546456000003,1125,347.5708,3.07,11.608936,154.57
1216.48053544,-324.29716456,1125,314.5534,3.07,11.332044,159.094
1245.50543544,-341.05646456,1125,347.5708,3.07,11.471614,167.102
1275.50543544,-358.38736456000004,1125,347.5708,2.23,12.233478,183.743
1305.50543544,-375.71826456,1125,347.5708,1.5099999999999998,16.451522,193.471
1363.99793544,-398.63636456,1125,276.2501,0.67,22.721298,164.613
946.95603544,-182.94376456,1125,419.121,1.02,10.975708,137.721
976.69743544,-203.99076456,1125,292.8344,1.02,11.063991,146.718
1005.54143544,-219.75316456,1125,347.5708,1.4095,11.384623,150.411
1035.54143544,-237.08406456,1125,347.5708,3.07,11.875584,157.28
1065.54143544,-254.41496456,1125,347.5708,3.07,11.78132,165.993
1095.54143544,-271.74586456000003,1125,347.5708,3.07,12.019759,171.693
1125.54143544,-289.07676456,1125,347.5708,3.07,7.0489395,158.73
1155.54143544,-306.40766456,1125,347.5708,3.07,11.667277,155.417
1185.54143544,-323.73856456,1125,347.5708,3.07,11.34371,156.779
1215.54143544,-341.06946456000003,1125,347.5708,3.07,12.237854,160.209
1245.54143544,-358.40036456,1125,347.5708,3.07,11.103927,168.267
1275.54143544,-375.73126456,1125,347.5708,2.11,12.448804,181.714
1305.54143544,-393.06216456,1125,347.5708,0.7899999999999999,18.106682,176.393
1363.99793544,-398.63636456,1125,276.2501,0.67,22.7213,164.613
917.05733544,-185.56716456,1125,375.1255,1.02,10.66642,136.81
945.54003544,-202.45376456,1125,349.6913,1.02,10.872508,141.268
975.54003544,-219.77976456,1125,349.43,1.02,11.045897,149.697
1005.54143544,-237.07626456000003,1125,347.5708,1.5735,11.285139,152.949
1035.54143544,-254.40716456,1125,347.5708,3.07,11.525194,159.74
1065.54143544,-271.73806456,1125,347.5708,3.07,11.77607,165.257
1095.54143544,-289.06896456000004,1125,347.5708,3.07,12.169186,165.287
1125.54143544,-306.39986456,1125,347.5708,3.07,11.538488,157.459
1155.54143544,-323.73076456,1125,347.5708,3.07,11.40415,154.278
1185.54143544,-341.06166456,1125,347.5708,3.07,11.223513,158.723
1215.54143544,-358.39256456,1125,347.5708,3.07,12.08683,159.166
1245.54143544,-375.72346456,1125,347.5708,3.07,10.860677,168.159
1275.54143544,-393.05436456000007,1125,347.5708,1.63,15.036682,172.126
1305.54143544,-410.38526456000005,1125,347.5708,0.67,18.623804,167.073
1334.99483544,-427.41996456,1125,334.3678,0.67,21.96582,159.196
886.37913544,-187.34326456,1125,358.0512,0.67,10.825018,133.104
915.54143544,-203.44606456,1125,287.7495,0.7225,10.583384,138.028
945.54293544,-219.77826456000005,1125,345.4659,0.95,10.853701,144.557
975.54293544,-237.10426456,1125,347.7273,1.013,11.090282,150.626
1005.54143544,-254.39936456,1125,347.5708,2.045,11.243874,153.373
1035.54143544,-271.73026456,1125,347.5708,3.07,11.472217,159.696
1064.39253544,-288.45406456,1125,315.9776,3.07,11.776618,160.377
1095.54143544,-306.39206456,1125,347.5708,3.07,12.183795,158.863
1125.50763544,-324.12356456000003,1125,301.5347,3.07,12.304896,155.743
1155.54143544,-341.05386456,1125,347.5708,3.07,11.435399,152.359
1185.42553544,-358.73946456,1125,301.7,3.07,11.584801,155.065
1215.52343544,-375.7052645600001,1125,347.0968,2.7099999999999995,11.846907,161.474
1244.61633544,-392.71906456,1125,322.8618,3.07,11.180526,168.645
1275.50543544,-410.35666456,1125,347.5708,1.39,16.731565,166.4
1305.50543544,-427.68756456000006,1125,347.5708,0.67,19.270682,160.42
857.4223354400001,-189.22296456,1125,287.8323,0.591,11.570179,130.662
887.64173544,-204.48516456,1125,287.4161,0.6805,10.660831,134.59
915.53993544,-219.77426456,1125,337.5066,0.67,10.733275,138.98
945.53993544,-237.10006456,1125,349.6929,0.7575000000000001,10.876028,145.498
975.53993544,-254.42576456,1125,349.4211,1.02,11.002822,149.994
1005.53993544,-271.75156456,1125,349.1494,2.66,11.266017,151.959
1035.53993544,-289.07726456,1125,348.8777,3.07,11.507371,155.982
1066.72223544,-307.09666456,1125,316.2535,3.07,12.27634,154.899
1095.53993544,-323.72876456,1125,348.3342,3.07,12.039195,152.563
1125.53993544,-341.05456456,1125,348.0625,3.07,12.214818,150.138
1155.53993544,-358.38026456,1125,347.7907,3.07,12.017826,150.645
1185.53993544,-375.70606456,1125,347.519,2.35,11.423123,152.255
1216.47613544,-393.34886456,1125,320.2087,2.374,11.667721,163.609
1245.50393544,-410.33676456,1125,346.9759,3.07,11.223318,163.676
1275.50393544,-427.66246456,1125,346.7041,0.8380000000000001,16.820984,163.023
1304.50773544,-444.15936456,1125,318.798,0.67,20.102196,154.946
857.33593544,-204.61006456,1125,273.7223,0.82,11.38807,130.557
885.54143544,-219.82136456,1125,328.9665,0.67,10.739549,134.93
915.54143544,-237.14196456,1125,342.8429,0.67,10.630239,139.374
945.50233544,-253.91436456,1125,293.3693,0.936,10.895014,145.027
975.54143544,-271.78316456,1125,347.5192,0.9815,11.017736,148.319
1005.54143544,-289.10376456,1125,347.5192,2.66,11.273621,149.482
1035.54143544,-306.42436456,1125,347.5192,3.07,11.689838,151.039
1065.54143544,-323.74496456,1125,347.5192,3.07,11.796116,150.906
1095.54143544,-341.06556456,1125,347.5192,2.47,11.77146,147.433
1125.54143544,-358.38616456,1125,347.5192,3.07,11.743385,145.053
1155.54143544,-375.70676456,1125,347.5192,2.878,12.118746,148.439
1183.82843544,-391.3560645600001,1125,292.0698,0.67,11.738466,152.113
1212.75663544,-408.87696456,1125,290.5566,2.83,11.553735,160.686
1245.50543544,-427.64786456,1125,338.2316,2.158,14.876983,159.987
1275.50543544,-444.96846456,1125,347.5192,0.67,18.102936,157.239
1306.47343544,-462.62006456,1125,320.5304,0.67,20.84299,148.014
826.7284354399999,-198.71406456000005,1125,514.3946,0.297,13.597076,127.973
855.54143544,-219.82126456,1125,347.4842,0.8976000000000001,11.428164,129.825
885.54143544,-237.14186456,1125,345.8621,0.67,10.686581,135.051
915.54143544,-254.46256456,1125,340.513,0.67,10.513588,139.572
945.54143544,-271.78316456,1125,347.5192,0.67,10.906895,143.534
975.54143544,-289.10376456,1125,347.5192,0.88,11.057165,145.878
1005.54143544,-306.42436456,1125,347.5192,1.02,11.357734,146.387
1035.54143544,-323.74496456,1125,347.5192,1.02,11.735562,146.468
1065.54143544,-341.06556456,1125,347.5192,1.02,11.640562,145.777
1095.54143544,-358.38616456,1125,347.5192,2.8375,11.545948,142.64
1125.54143544,-375.70676456,1125,347.5192,3.07,11.825684,142.292
1155.54143544,-393.02736456,1125,323.9976,2.23,12.038466,149.811
1184.47003544,-408.44716456,1125,312.0308,0.886,11.968846,153.467
1214.93803544,-421.46696456,1125,87.9577,2.83,11.427606,159.983
1244.78013544,-440.17226456,1125,107.4068,0.67,15.380636,159.451
1275.50543544,-462.28896456,1125,347.5192,0.67,18.733508,150.739
1305.50543544,-479.60956456,1125,347.5192,0.67,21.990672,143.193
825.54143544,-219.82126456,1125,347.5192,0.3408,14.263917,126.809
855.54143544,-237.14186456,1125,345.258,0.95,11.379285,129.575
885.54143544,-254.46246456,1125,346.1547,0.7925,10.497197,135.844
915.54143544,-271.78306456,1125,342.7773,0.88,10.626268,139.35
945.54143544,-289.10366456,1125,347.5192,0.7645000000000001,10.862115,141.587
975.54143544,-306.42426456,1125,347.5192,1.006,11.139104,143.967
1005.54143544,-323.74486456,1125,347.5192,1.02,11.453316,143.3
1035.54143544,-341.06546456,1125,347.5192,1.02,12.06758,142.561
1065.54143544,-358.38606456,1125,347.5192,1.02,11.501296,140.098
1095.54143544,-375.70666456,1125,347.5192,1.3889999999999998,11.408103,136.948
1125.54143544,-393.0272645600001,1125,347.5192,3.07,11.852488,138.695
1155.54143544,-410.34786456000006,1125,327.3306,1.5099999999999998,11.968734,148.558
1187.51963544,-427.30046456,1125,334.8844,2.83,11.945227,151.848
1215.53063544,-444.98646456,1125,325.2673,3.07,11.481099,153.715
1245.50543544,-462.28896456,1125,346.7613,2.11,16.750165,152.688
1275.53363544,-475.29076456,1125,118.5089,0.67,19.25919,145.612
1305.50543544,-496.93016456,1125,347.5192,0.67,23.42174,138.97
825.54143544,-237.14176456,1125,347.5192,0.3372,13.924016,126.846
855.54143544,-254.46236456000003,1125,344.4974,1.02,11.292206,131.995
885.54143544,-271.78296456,1125,342.7737,1.02,10.397514,137.133
915.54143544,-289.10356456,1125,342.3611,1.02,10.806048,139.576
945.54143544,-306.42416456,1125,347.5192,0.8975,10.977836,140.655
975.54143544,-323.74476456,1125,347.5192,1.02,11.242731,143.435
1005.54143544,-341.06536456000003,1125,347.5192,1.02,12.181994,141.043
1035.54143544,-358.38596456,1125,347.5192,1.02,11.642094,138.038
1065.54143544,-375.70656456,1125,347.5192,1.02,11.450534,135.503
1095.54143544,-393.02716456,1125,347.5192,1.18,11.468975,132.535
1125.54143544,-410.34776456,1125,347.5192,2.926,11.961904,135.652
1155.54143544,-427.66836455999993,1125,331.6533,2.494,11.959242,144.713
1185.54143544,-444.9889645599999,1125,330.0911,3.07,12.597872,145.275
1215.54143544,-462.3095645599999,1125,326.9345,3.07,12.320114,148.245
1245.54143544,-479.6301645599999,1125,347.5192,2.47,16.962476,144.925
1275.54143544,-496.9507645599999,1125,347.5192,0.67,20.113058,137.814
795.30413544,-236.96076456,1125,353.7181,0.15,13.08674,0.0
826.6413354399999,-255.30366456,1125,317.5052,0.3306,13.909235,128.566
855.54143544,-271.78286456,1125,342.8282,0.8418000000000001,11.229051,134.915
884.66993544,-288.62576456,1125,301.1338,1.02,10.383881,139.031
915.54143544,-306.42406456000003,1125,335.5167,1.02,10.934062,140.399
945.54143544,-323.74476456,1125,347.5192,0.915,11.10066,141.845
975.54143544,-341.06546456,1125,347.5192,1.02,11.484432,144.778
1005.54143544,-358.38616456,1125,347.5192,1.02,11.927302,137.389
1035.54143544,-375.70686456,1125,347.5192,1.02,11.603504,134.202
1065.54143544,-393.02756456,1125,347.5192,1.02,11.374065,131.425
1095.54143544,-410.34826456,1125,347.5192,0.8865,11.612775,128.119
1125.54143544,-427.66896456,1125,347.5192,2.35,11.991054,133.155
1155.54143544,-444.98966456,1125,325.4835,3.07,12.241956,138.461
1185.54143544,-462.3103645599999,1125,334.3062,2.782,13.233065,138.472
1215.54143544,-479.6310645599999,1125,339.5919,3.07,15.021437,140.959
1245.54143544,-496.9517645599999,1125,347.5192,2.9979999999999998,17.651956,137.112
1275.54143544,-514.2724645599999,1125,347.5192,0.67,21.110816,132.165
796.0835354399999,-254.38176456,1125,317.3625,0.15,13.530707,0.0
825.69363544,-272.34866456000003,1125,290.9958,0.3515999999999999,14.026263,130.096
855.54143544,-289.10346456,1125,333.6035,0.5712,11.137679,137.659
886.34553544,-307.07376456000003,1125,308.5695,1.02,10.88001,143.289
915.54143544,-323.74466456000005,1125,344.8512,1.02,11.00267,142.591
945.68333544,-341.49276456,1125,302.3714,1.02,11.147636,144.533
975.54143544,-358.38586456,1125,347.5192,1.02,12.06968,140.866
1005.49373544,-376.02256456,1125,296.8692,0.9474,11.711841,136.084
1035.54143544,-393.02706456,1125,347.5192,1.02,11.65763,132.33
1065.44143544,-410.28996456,1125,344.8864,1.0094999999999998,11.733682,125.991
1095.64143544,-427.72606456000005,1125,344.8864,0.894,12.05222,124.237
1125.54143544,-444.98886456,1125,347.5192,2.014,12.5393,129.224
1155.54143544,-462.30946456,1125,332.0728,2.086,12.895749,130.926
1185.54143544,-479.6300645600001,1125,341.6584,0.934,13.868196,131.977
1215.52343544,-496.94026456,1125,347.0453,3.07,15.447836,133.522
1245.50543544,-514.2505645599999,1125,347.5192,2.95,18.639648,129.852
1275.50543544,-531.5711645599999,1125,347.5192,0.67,21.740642,127.536
796.8744354400001,-272.81686456,1125,301.007,0.15,13.719222,0.0
825.54143544,-289.10336456,1125,347.5192,0.3432,14.452884,130.844
855.54143544,-306.42396456,1125,335.0245,0.591,11.211082,141.565
885.54143544,-323.74456456,1125,342.0082,1.02,10.987885,145.39
915.54143544,-341.06516456,1125,347.5192,1.02,11.310914,143.545
945.54143544,-358.38576456,1125,347.5192,1.102,11.53064,141.08
975.54143544,-375.70636456,1125,347.5192,2.4161,11.729794,136.203
1005.54143544,-393.02696456,1125,347.5192,1.1549,11.250971,133.927
1035.54143544,-410.34756456,1125,347.5192,1.02,11.488258,128.48
1064.56273544,-427.22756456,1125,320.8696,1.02,11.930613,122.27
1095.64143544,-445.04656456,1125,344.8864,0.9045,12.258563,120.863
1125.50283544,-462.28176456000006,1125,346.5438,0.7899999999999999,12.743618,124.749
1155.54143544,-479.6300645600001,1125,347.5192,0.67,13.17184,124.999
1184.38583544,-496.39956456,1125,316.0833,0.91,14.005496,127.637
1215.52343544,-514.2608645600001,1125,347.0453,3.07,15.971654,127.017
1244.60373544,-531.00496456,1125,322.7798,2.7099999999999995,18.687686,124.254
1274.58973544,-548.33266456,1125,322.3393,0.67,21.772102,123.462
825.54143544,-306.42386456,1125,347.5192,0.3411,14.523553,133.11
855.54143544,-323.74446456,1125,340.306,0.558,11.51506,140.961
885.54143544,-341.06506456,1125,338.3656,1.02,10.923911,141.974
915.54143544,-358.38566456,1125,347.5192,1.02,11.050704,141.257
945.54143544,-375.70626456,1125,347.5192,2.2573,11.149415,135.608
975.54143544,-393.02686456,1125,347.5192,2.9887,11.551689,132.688
1005.54143544,-410.3474645600001,1125,347.5192,2.2448,11.423924,129.878
1035.54143544,-427.66806456000006,1125,347.5192,1.02,12.187108,123.567
1065.50793544,-444.95966456,1125,293.6501,0.9745,12.138152,120.346
1095.64143544,-462.36706456,1125,344.8864,0.9115,12.288951,117.755
1125.25023544,-479.76996456,1125,292.4125,0.67,12.478315,120.384
1155.54143544,-496.95056456,1125,347.5192,0.67,13.082729,120.757
1186.62013544,-514.77856456,1125,317.3328,0.982,14.178938,123.488
1215.52343544,-531.58136456,1125,347.0453,2.446,16.371054,121.663
1246.72883544,-549.67826456,1125,314.5236,2.374,19.022708,119.543
1275.50543544,-566.21216456,1125,347.5192,0.67,21.999428,120.4
825.54143544,-323.74446456,1125,347.5192,0.36,14.499242,135.609
855.54143544,-341.06506456,1125,340.8246,0.5712,11.657573,139.899
885.54143544,-358.38566456,1125,344.7777,1.02,10.782889,139.397
915.54143544,-375.70626456,1125,347.5192,0.8418000000000001,10.862881,138.039
945.54143544,-393.02686456,1125,347.5192,1.7692,11.17677,132.816
975.54143544,-410.3474645600001,1125,347.5192,3.07,11.480948,129.611
1005.54143544,-427.66806456000006,1125,347.5192,1.6166,11.318756,124.167
1035.54143544,-444.9886645600001,1125,347.5192,1.02,12.457247,119.352
1065.54143544,-462.3092645600001,1125,347.5192,0.7505000000000001,12.373296,117.777
1095.54143544,-479.6298645600001,1125,347.5192,0.67,12.369799,115.136
1125.54143544,-496.9504645600001,1125,347.5192,0.67,12.624564,117.661
1155.54143544,-514.2710645600001,1125,347.5192,0.67,13.201628,117.662
1185.54143544,-531.5916645600001,1125,347.5192,0.67,14.481231,118.641
1215.54143544,-548.9122645600002,1125,347.5192,1.126,16.175385,117.176
1245.54143544,-566.2328645600002,1125,347.5192,0.67,18.998668,116.128
1275.54143544,-583.5534645600002,1125,347.5192,0.67,21.923192,118.011
825.6469354399999,-341.12586456,1125,344.7416,0.36,15.458934,137.267
855.54143544,-358.38556456000003,1125,339.7159,0.6108,11.753778,138.937
885.54143544,-375.7061645600001,1125,340.158,1.02,10.624208,138.408
915.54143544,-393.02676456000006,1125,336.3065,2.25,10.829938,137.496
945.54143544,-410.3473645600001,1125,339.9314,3.0158,11.472688,132.439
975.54143544,-427.6679645600001,1125,347.5192,3.07,11.300672,124.248
1005.54143544,-444.9885645600001,1125,347.5192,1.1888999999999998,12.287075,119.974
1035.54143544,-462.3091645600001,1125,347.5192,1.02,12.622128,117.035
1065.54143544,-479.6297645600001,1125,347.5192,0.67,12.463818,114.1
1095.54143544,-496.95036456000014,1125,347.5192,0.67,12.439726,113.489
1125.54143544,-514.2709645600002,1125,347.5192,0.67,12.77544,115.209
1155.54143544,-531.5915645600002,1125,347.5192,0.67,13.218336,115.235
1185.54143544,-548.9121645600002,1125,347.5192,0.67,14.324995,114.475
1215.54143544,-566.2327645600002,1125,347.5192,0.67,15.99418,113.277
1245.54143544,-583.5533645600002,1125,347.5192,0.67,18.872092,113.586
1275.54143544,-600.8739645600002,1125,347.5192,0.67,22.244142,116.969
825.6469354399999,-358.44636456,1125,344.7416,0.4561,15.437858,136.154
855.54143544,-375.70606456,1125,336.9662,0.8666,11.77599,136.783
885.54143544,-393.02666456,1125,328.4017,1.061,10.744153,137.306
915.54143544,-410.34726456,1125,334.9138,2.9879999999999995,10.885741,138.845
945.54143544,-427.66786456,1125,336.0305,3.07,11.443984,129.303
975.54143544,-444.98846456,1125,347.5192,3.022,11.337836,120.616
1005.54143544,-462.3090645599999,1125,347.5192,0.6569,12.604834,119.805
1035.54143544,-479.6296645599999,1125,347.5192,0.782,12.640088,116.329
1065.54143544,-496.95026456,1125,347.5192,0.67,12.506067,112.166
1095.54143544,-514.27086456,1125,347.5192,0.67,12.444596,111.703
1125.54143544,-531.59146456,1125,347.5192,0.67,12.765778,112.869
1155.54143544,-548.91206456,1125,347.5192,0.67,13.05108,112.509
1185.54143544,-566.23266456,1125,347.5192,0.67,14.012824,111.082
1215.54143544,-583.55326456,1125,347.5192,0.67,16.223739,110.618
1245.54143544,-600.87386456,1125,347.5192,0.67,19.350664,112.193
825.6469354399999,-375.76696456,1125,344.7416,0.5801000000000001,15.40697,133.917
855.54143544,-393.02666456,1125,332.5602,0.9815,12.264298,133.746
885.54143544,-410.34726456,1125,321.3037,1.6349999999999998,10.90733,135.301
915.54143544,-427.66786456,1125,326.7,3.07,10.982506,138.92
945.54143544,-444.98846456,1125,327.5691,3.07,11.707954,125.754
975.54143544,-462.30906456,1125,347.5192,2.254,12.125361,119.491
1005.54143544,-479.62966456,1125,347.5192,0.67,12.622478,0.0
1035.54143544,-496.9502645600001,1125,347.5192,0.67,12.658044,114.713
1065.54143544,-514.2708645600001,1125,347.5192,0.67,12.524728,111.183
1095.54143544,-531.5914645600001,1125,341.3802,0.67,12.425121,110.32
1125.54143544,-548.9120645600001,1125,336.6394,0.67,12.682121,111.041
1155.54143544,-566.2326645600001,1125,345.6386,0.67,12.725743,110.373
1185.54143544,-583.5532645600001,1125,338.7991,0.67,13.985163,109.128
1215.54143544,-600.8738645600001,1125,347.5192,0.67,16.306126,109.61
1245.54143544,-618.1944645600001,1125,347.5192,0.67,19.548194,112.403
825.7373354399999,-393.17826456,1125,294.0326,0.67,15.866046,130.642
855.34013544,-410.27666456,1125,320.6442,1.02,12.616109,131.121
885.54143544,-427.66776456,1125,324.9343,2.1885,10.852384,134.337
915.54143544,-444.98836456,1125,319.5753,3.07,11.128254,136.181
945.54143544,-462.30896456,1125,329.3272,2.158,11.223729,123.191
975.54143544,-479.62956456,1125,347.5192,0.958,12.94294,120.483
1005.54143544,-496.95016456,1125,347.5192,0.67,12.677961,0.0
1035.54143544,-514.27076456,1125,347.5192,0.67,12.698135,116.007
1065.54143544,-531.59136456,1125,347.5192,0.67,12.51101,111.227
1095.54143544,-548.91196456,1125,341.2557,0.67,12.396846,109.977
1125.54143544,-566.23256456,1125,337.7041,0.67,12.333674,109.707
1155.54143544,-583.55316456,1125,342.7556,0.67,12.673441,108.767
1185.54143544,-600.87376456,1125,340.8094,0.67,14.335021,108.31
1215.54143544,-618.19436456,1125,342.6276,0.67,16.368201,110.172
825.6469354399999,-410.40796456,1125,344.7416,0.9465,15.864057,129.144
855.76513544,-427.81516456,1125,321.9382,1.02,12.236854,130.612
885.54043544,-444.98676456,1125,276.1377,2.5165,10.820594,136.905
915.63943544,-462.36546456,1125,325.6644,3.07,11.388368,133.93
945.59933544,-479.39236456,1125,285.511,1.462,11.796434,121.154
975.54143544,-496.95016456,1125,347.5192,0.67,12.942996,122.491
1005.31983544,-513.8130645599999,1125,265.0668,0.67,12.816661,0.0
1035.54143544,-531.59136456,1125,347.5192,0.67,12.705136,0.0
1064.32433544,-548.11386456,1125,314.7289,0.67,12.607083,113.877
1095.64143544,-566.29026456,1125,339.5936,0.67,12.131148,111.479
1125.13593544,-583.03576456,1125,280.8879,0.67,12.491871,108.617
1155.54143544,-600.87376456,1125,349.1414,0.67,13.078726,107.791
1184.42733544,-617.41646456,1125,307.2977,0.67,14.953942,109.022
825.6469354399999,-427.72856456,1125,344.7416,1.02,15.736096,130.229
855.54143544,-444.98826456,1125,330.281,1.02,12.033484,133.121
885.54143544,-462.30886456,1125,329.3193,2.865,11.336589,141.76
915.54143544,-479.62946456,1125,337.4996,3.07,11.431737,127.951
945.54143544,-496.95006456,1125,347.5192,1.298,13.054744,121.715
975.54143544,-514.2706645600001,1125,347.5192,0.67,13.010105,0.0
1005.54143544,-531.5912645600001,1125,347.5192,0.67,12.930941,0.0
1035.54143544,-548.9118645600001,1125,347.5192,0.67,12.626552,0.0
1066.68693544,-566.99036456,1125,311.3784,0.67,12.61825,0.0
1095.64143544,-583.61076456,1125,356.8715,0.67,12.253232,112.38
1125.54143544,-600.87366456,1125,289.7093,0.67,13.005085,108.03
1155.54143544,-618.19426456,1125,343.6448,0.67,14.2815,108.308
825.6469354399999,-445.04906456,1125,344.7416,1.02,15.093736,133.422
855.54143544,-462.30876456,1125,333.4082,1.02,12.706496,137.385
885.54143544,-479.62936456,1125,342.2136,2.8855,12.052626,138.934
915.54143544,-496.94996456,1125,343.3631,2.4344999999999994,11.960186,123.229
945.54143544,-514.27056456,1125,347.5192,0.733,13.222371,123.938
975.54143544,-531.59116456,1125,347.5192,0.67,12.833598,122.554
1005.54143544,-548.91176456,1125,347.5192,0.67,12.732501,0.0
1035.54143544,-566.2323645600001,1125,347.5192,0.67,12.577936,0.0
1065.54143544,-583.5529645600001,1125,347.5192,0.67,12.545327,0.0
1095.54143544,-600.8735645600001,1125,346.4292,0.67,12.443581,113.006
1125.54143544,-618.1941645600001,1125,336.4997,0.67,13.983962,108.93
1274.52053544,-617.2197645599999,1125,317.7189,0.67,22.397836,116.321
1122.97803544,-634.23016456,1125,300.9917,0.67,14.797146,113.327
1152.66843544,-634.20876456,1125,311.9187,0.67,15.255027,112.099
1183.96623544,-634.78236456,1125,273.5186,0.67,15.452734,112.641
1212.70073544,-634.20256456,1125,312.9558,0.67,16.249251,113.644
1242.69383544,-634.31996456,1125,316.4105,0.67,19.384384,115.762
1272.52473544,-634.10756456,1125,307.4293,0.67,22.338542,120.39
1125.87383544,-649.62216456,1125,206.8871,0.67,15.875224,0.0
1155.52983544,-649.7387645599999,1125,225.3181,0.67,16.301616,0.0
1186.75943544,-649.94806456,1125,194.6764,0.67,16.441516,0.0
1216.20163544,-649.72296456,1125,221.8008,0.67,17.76961,0.0
1245.32343544,-649.82556456,1125,210.2929,0.67,20.478764,0.0
1275.96813544,-649.53936456,1125,209.2113,0.67,23.00729,0.0
1126.69603544,-667.96996456,1125,389.6476,0.67,17.668682,0.0
1156.85393544,-668.27736456,1125,376.8502,0.67,17.545474,0.0
1187.18933544,-668.42616456,1125,364.4181,0.67,17.61661,0.0
1216.80563544,-667.71596456,1125,371.9013,0.67,18.967176,0.0
1246.72043544,-667.7128645600001,1125,393.8812,0.67,21.40487,0.0
1276.61333544,-667.58936456,1125,398.9899,0.67,23.665504,0.0
1125.40033544,-687.3306645600001,1125,322.7614,0.67,19.505824,0.0
1155.54133544,-687.47616456,1125,324.6967,0.67,19.283078,0.0
1185.06443544,-687.24076456,1125,310.5182,0.67,19.32324,0.0
1215.58623544,-687.53416456,1125,317.1506,0.67,20.332192,0.0
1245.39213544,-687.37896456,1125,326.2946,0.67,22.168424,0.0
1275.81123544,-687.58286456,1125,308.5807,0.67,24.331352,0.0
1122.50663544,-703.37936456,1125,298.5704,0.67,20.730356,0.0
1153.47203544,-703.55496456,1125,276.2566,0.67,21.173266,0.0
1183.06473544,-703.70636456,1125,299.2041,0.67,21.047864,0.0
1212.74293544,-703.66506456,1125,298.0534,0.67,21.653836,0.0
1242.98713544,-703.64146456,1125,290.1832,0.67,22.61091,0.0
1272.75233544,-703.46126456,1125,277.8991,0.67,24.969976,0.0
1125.76493544,-722.0769645600001,1125,359.2245,0.67,21.96563,0.0
1155.51963544,-722.33586456,1125,350.8656,0.67,22.357092,0.0
1185.56893544,-722.33546456,1125,364.6598,0.67,22.12218,0.0
1215.28253544,-722.00026456,1125,350.9499,0.67,22.589134,0.0
1455.99183544,-277.19076456,1125,142.8138,0.67,20.85708,163.449
1246.21283544,-449.70676456,1125,110.3258,1.39,16.338072,157.311
1275.47673544,-483.94356456,1125,117.6851,0.67,19.604084,142.563
1220.28373544,-432.21436456,1125,170.063,2.59,11.330345,157.983
